handle,platform,followers,average_likes,average_comments,average_views,gcc_audience_pct,saudi_audience_pct,uae_audience_pct,female_audience_pct,beauty_content_pct,fashion_content_pct,luxury_content_pct,lifestyle_content_pct,sponsored_content_pct,content_consistency_score,comment_quality_score,success,is_synthetic
@synthetic_creator_0000,tiktok,386799,12750,127,107587,15.1,7.5,4.8,88.7,1.6,44.2,12.0,10.2,35.5,0.607,0.61,0,True
@synthetic_creator_0001,instagram,77035,2401,30,14613,55.4,30.5,15.2,71.5,23.6,49.5,16.3,22.3,43.2,0.76,0.472,0,True
@synthetic_creator_0002,youtube,660360,39138,1104,34585,35.5,15.1,8.5,47.3,30.8,27.9,24.2,5.7,1.9,0.609,0.433,1,True
@synthetic_creator_0003,instagram,829582,20286,899,318920,6.1,2.2,0.9,57.9,26.0,20.5,24.0,14.5,33.4,0.677,0.812,0,True
@synthetic_creator_0004,tiktok,25816,932,25,9137,98.4,46.7,10.6,88.3,0.0,48.2,15.8,11.2,10.6,0.524,0.548,1,True
@synthetic_creator_0005,instagram,56240,2249,29,8536,41.6,28.2,9.3,75.7,53.0,10.3,7.0,23.2,2.5,0.649,0.417,0,True
@synthetic_creator_0006,instagram,312827,714,18,124885,14.1,5.5,3.4,51.2,73.1,25.8,0.0,23.5,3.9,0.528,0.329,0,True
@synthetic_creator_0007,instagram,183598,13337,296,29558,77.5,44.2,9.4,61.0,55.6,31.9,12.1,0.0,35.7,0.859,0.464,1,True
@synthetic_creator_0008,youtube,262981,4310,44,55382,36.8,11.8,12.8,61.5,51.7,12.1,20.9,25.5,15.5,0.763,0.522,0,True
@synthetic_creator_0009,snapchat,96408,7157,262,33544,82.3,48.3,25.5,56.9,34.5,15.5,13.5,8.9,1.6,0.707,0.585,1,True
@synthetic_creator_0010,instagram,770871,53269,843,120725,36.7,14.5,4.5,39.3,13.1,14.3,0.0,17.4,12.1,0.734,0.826,0,True
@synthetic_creator_0011,instagram,682385,15083,367,141723,41.5,19.9,5.0,54.8,31.5,46.3,18.7,5.6,21.0,0.783,0.337,0,True
@synthetic_creator_0012,instagram,290464,2591,108,82188,63.6,28.4,15.8,85.8,72.1,53.7,19.3,18.7,10.0,0.872,0.94,1,True
@synthetic_creator_0013,tiktok,1037878,8029,371,99287,69.8,24.1,27.7,59.3,23.0,26.7,7.0,40.5,5.0,0.947,0.649,1,True
@synthetic_creator_0014,instagram,470245,16863,390,93025,74.2,32.5,20.2,63.5,20.9,21.0,19.9,16.3,37.7,0.546,0.833,1,True
@synthetic_creator_0015,tiktok,95688,2712,71,15146,52.8,23.2,21.8,67.1,52.1,16.0,16.3,10.4,59.6,0.793,0.683,0,True
@synthetic_creator_0016,instagram,417692,4303,96,119823,68.2,34.7,7.6,98.3,53.5,25.0,3.1,12.7,10.3,0.721,0.865,1,True
@synthetic_creator_0017,instagram,84909,2010,116,8286,73.6,50.7,9.3,65.1,13.0,16.7,22.7,0.3,11.9,0.48,0.803,1,True
@synthetic_creator_0018,youtube,769995,7753,151,101220,60.0,29.3,12.6,81.4,24.8,23.5,0.0,29.5,3.7,0.883,0.592,1,True
@synthetic_creator_0019,tiktok,252733,4373,83,75562,51.4,34.2,6.9,56.0,20.0,31.2,9.4,18.1,21.9,0.863,0.646,0,True
@synthetic_creator_0020,instagram,214950,10612,342,22500,18.9,9.1,4.8,61.1,31.4,18.9,8.4,4.5,13.7,0.605,0.923,0,True
@synthetic_creator_0021,instagram,118525,985,19,23433,70.0,24.0,31.0,65.2,52.1,22.2,1.7,4.8,2.1,0.488,0.7,1,True
@synthetic_creator_0022,instagram,1163623,21317,380,348514,56.1,22.0,13.3,53.4,13.9,22.2,13.0,15.2,12.3,0.353,0.686,0,True
@synthetic_creator_0023,instagram,222919,5965,88,70869,44.7,20.7,15.5,61.9,51.8,20.2,23.1,24.3,6.0,0.764,0.677,0,True
@synthetic_creator_0024,instagram,160493,12456,523,13354,86.9,37.4,14.3,78.3,32.0,18.4,22.5,3.5,5.1,0.915,0.432,1,True
@synthetic_creator_0025,tiktok,175859,6970,283,61233,19.3,12.5,3.7,53.0,76.5,36.4,17.2,26.1,12.0,0.66,0.534,0,True
@synthetic_creator_0026,instagram,508271,8512,361,154204,96.1,54.9,17.5,65.0,36.4,0.0,0.0,14.1,3.1,0.705,0.944,1,True
@synthetic_creator_0027,instagram,416038,13090,637,70207,54.4,28.9,13.4,75.6,28.1,48.6,0.0,5.7,30.9,0.693,0.534,0,True
@synthetic_creator_0028,instagram,440329,15827,416,139730,62.9,31.2,8.4,52.6,41.5,27.0,11.7,10.3,3.9,0.945,0.756,1,True
@synthetic_creator_0029,instagram,449992,7119,398,137204,45.1,20.7,18.9,81.4,23.3,34.2,9.7,32.5,22.2,0.83,0.943,0,True
@synthetic_creator_0030,instagram,3505967,89642,4182,912645,13.3,7.3,4.5,66.1,0.0,35.9,5.0,1.1,1.4,0.759,0.468,0,True
@synthetic_creator_0031,youtube,164769,7142,358,40445,51.5,18.0,23.3,62.5,25.2,14.4,29.1,7.7,20.9,0.55,0.817,0,True
@synthetic_creator_0032,instagram,145118,2663,122,44572,63.4,23.1,29.6,34.9,24.9,11.3,11.1,24.5,8.3,0.84,0.712,0,True
@synthetic_creator_0033,tiktok,101060,7322,204,40397,71.9,30.3,12.0,59.4,0.0,9.5,15.4,17.2,3.2,0.817,0.633,1,True
@synthetic_creator_0034,instagram,561954,22689,547,141889,50.0,18.4,15.9,70.6,28.5,21.3,19.9,7.1,49.6,0.92,0.613,0,True
@synthetic_creator_0035,instagram,1040036,16303,507,346385,0.2,0.1,0.0,91.2,0.0,35.5,10.5,24.6,7.3,0.865,0.499,0,True
@synthetic_creator_0036,instagram,234043,3905,57,72669,16.5,5.1,8.3,73.5,23.0,16.2,35.9,25.1,6.1,0.387,0.458,0,True
@synthetic_creator_0037,tiktok,97910,6020,196,34222,100.0,36.4,19.9,81.9,34.9,34.1,0.6,18.3,18.6,0.875,0.49,1,True
@synthetic_creator_0038,instagram,99769,2993,36,38319,27.7,18.3,3.1,46.9,31.9,0.0,3.9,8.9,14.8,0.851,0.451,0,True
@synthetic_creator_0039,tiktok,585786,5134,52,68876,90.7,63.4,16.7,63.1,21.8,19.2,0.6,10.4,13.6,0.112,0.652,1,True
@synthetic_creator_0040,instagram,654682,5176,292,70647,31.6,15.7,4.0,83.3,28.3,42.5,25.6,17.8,31.1,0.804,0.307,0,True
@synthetic_creator_0041,tiktok,514929,61651,2741,131421,50.4,25.1,16.2,51.7,14.3,22.4,18.0,1.9,16.6,0.592,0.68,1,True
@synthetic_creator_0042,instagram,120739,715,27,25023,70.6,43.0,10.0,79.5,30.2,12.6,4.6,28.3,7.9,0.813,0.805,1,True
@synthetic_creator_0043,instagram,354546,1988,53,88548,34.5,10.8,14.1,76.0,31.2,15.1,1.4,32.0,12.2,0.517,0.673,0,True
@synthetic_creator_0044,tiktok,308668,11608,447,101648,94.8,44.6,36.3,69.1,12.0,0.0,23.8,12.6,3.0,0.473,0.482,1,True
@synthetic_creator_0045,instagram,348860,22450,1225,131206,56.9,19.3,21.2,60.1,35.4,9.8,13.6,18.6,17.8,0.925,0.972,1,True
@synthetic_creator_0046,instagram,763535,35850,1527,149725,66.5,30.6,11.8,50.2,35.2,40.9,24.1,26.9,10.1,0.899,0.86,1,True
@synthetic_creator_0047,tiktok,350920,18943,760,105723,48.3,33.5,3.4,91.6,26.7,16.3,9.4,34.6,7.2,0.69,0.511,0,True
@synthetic_creator_0048,tiktok,606036,77195,2548,72045,71.5,43.0,6.5,74.5,78.4,18.0,15.1,30.6,20.6,0.68,0.594,0,True
@synthetic_creator_0049,tiktok,291004,3368,91,68995,94.5,65.6,7.3,70.1,27.2,0.0,13.0,0.0,47.4,0.683,0.375,1,True
@synthetic_creator_0050,instagram,379626,11685,524,21878,51.7,30.9,11.4,58.8,24.4,0.5,3.8,11.8,17.7,0.761,0.845,1,True
@synthetic_creator_0051,instagram,572372,9105,537,129535,98.2,53.4,18.3,65.6,21.6,42.9,8.6,20.0,5.2,0.907,0.92,1,True
@synthetic_creator_0052,instagram,46695,1187,37,11247,39.7,23.9,5.5,67.5,10.6,34.3,0.0,10.1,7.6,0.521,0.786,1,True
@synthetic_creator_0053,instagram,182845,2576,76,56207,74.1,41.8,10.7,71.0,43.7,5.5,14.9,32.8,29.6,0.893,0.671,0,True
@synthetic_creator_0054,instagram,152596,7945,249,42317,67.2,32.6,26.6,76.0,16.3,15.5,17.6,31.3,5.8,0.778,0.364,0,True
@synthetic_creator_0055,instagram,124660,5570,174,21870,28.3,11.8,4.5,53.3,18.6,24.6,19.9,6.8,15.0,0.676,0.896,0,True
@synthetic_creator_0056,instagram,192881,2963,176,10030,60.3,30.7,11.4,43.0,19.2,7.1,16.7,13.4,8.5,0.821,0.788,1,True
@synthetic_creator_0057,instagram,1613521,16595,752,145894,55.2,22.3,15.9,66.3,10.3,0.0,8.7,7.5,1.7,0.728,0.659,1,True
@synthetic_creator_0058,instagram,94940,1168,32,37080,33.7,16.7,3.4,38.8,0.0,22.6,25.5,13.0,8.7,0.675,0.316,0,True
@synthetic_creator_0059,instagram,857635,82802,2366,319740,64.0,22.9,30.9,60.1,20.7,33.6,18.9,12.7,4.6,0.821,0.332,1,True
@synthetic_creator_0060,instagram,35616,753,23,5833,58.7,30.9,7.2,57.4,47.5,33.9,23.9,24.5,9.1,0.7,0.89,1,True
@synthetic_creator_0061,instagram,179537,1214,14,25242,53.2,21.2,19.5,72.4,33.9,38.1,24.5,6.1,22.8,0.787,0.749,1,True
@synthetic_creator_0062,tiktok,326212,24820,903,66138,53.3,22.2,17.9,94.7,61.2,1.7,8.7,0.0,11.5,0.753,0.621,0,True
@synthetic_creator_0063,instagram,542241,8451,427,158051,52.7,26.4,18.1,35.8,45.0,25.9,13.9,0.0,5.8,0.855,0.655,0,True
@synthetic_creator_0064,instagram,629997,14640,629,110179,45.8,16.7,17.2,99.1,40.5,21.0,17.7,4.7,0.6,0.668,0.626,1,True
@synthetic_creator_0065,youtube,695242,13176,262,51137,58.5,40.1,12.2,61.5,67.7,23.7,0.0,8.4,20.9,0.99,0.578,1,True
@synthetic_creator_0066,instagram,176580,9563,443,33722,38.9,18.6,9.2,70.2,28.1,21.8,0.0,16.9,28.1,0.608,0.418,1,True
@synthetic_creator_0067,instagram,154072,9514,437,21755,100.0,44.1,27.6,43.8,31.3,15.1,0.0,4.2,1.4,0.778,0.677,0,True
@synthetic_creator_0068,tiktok,751308,20266,468,123008,19.8,6.2,8.4,80.0,29.8,0.0,8.9,2.9,17.2,0.894,0.762,0,True
@synthetic_creator_0069,tiktok,213295,9278,381,22830,40.4,25.7,7.9,65.6,60.9,42.4,6.7,5.7,5.8,0.843,0.355,0,True
@synthetic_creator_0070,snapchat,58056,3207,130,16290,42.4,23.3,9.7,64.1,30.1,29.9,0.0,3.8,1.9,0.717,0.224,0,True
@synthetic_creator_0071,youtube,68875,2051,106,16138,100.0,46.7,17.2,35.9,17.0,2.7,11.5,9.5,0.2,0.743,0.83,1,True
@synthetic_creator_0072,tiktok,89023,2975,49,12890,22.0,8.8,4.7,66.1,41.8,32.1,9.0,9.0,29.5,0.97,0.679,1,True
@synthetic_creator_0073,instagram,487279,25885,511,118823,65.6,39.3,11.0,77.7,13.7,18.3,21.8,21.9,0.4,0.582,0.613,1,True
@synthetic_creator_0074,instagram,318351,6477,222,70816,61.2,41.5,4.0,61.5,40.7,18.7,30.1,5.1,5.0,0.883,0.797,1,True
@synthetic_creator_0075,instagram,614511,54379,663,201922,63.3,28.7,15.6,82.6,38.3,13.5,14.6,11.4,46.2,0.838,0.784,1,True
@synthetic_creator_0076,instagram,160700,14294,439,61804,85.9,30.4,11.2,82.0,26.2,33.1,3.0,9.5,1.0,0.88,0.536,1,True
@synthetic_creator_0077,youtube,324567,16777,828,31072,85.4,29.3,30.2,55.4,41.3,13.0,16.5,23.1,0.8,0.78,0.528,1,True
@synthetic_creator_0078,instagram,568472,49324,859,204291,43.7,13.2,19.0,88.9,0.2,8.5,10.1,13.5,3.5,0.875,0.756,1,True
@synthetic_creator_0079,youtube,185124,15326,505,54922,59.9,35.8,12.9,65.7,33.3,42.0,7.6,25.5,48.3,0.805,0.801,1,True
@synthetic_creator_0080,instagram,464227,2921,173,135737,8.4,5.8,1.6,65.7,20.7,22.3,1.4,3.5,17.7,0.976,0.716,0,True
@synthetic_creator_0081,instagram,121259,675,23,21948,57.5,40.1,3.5,66.5,87.2,22.8,5.4,14.5,11.5,0.54,0.475,0,True
@synthetic_creator_0082,youtube,173569,1815,63,29570,35.2,21.6,3.2,66.0,33.1,35.4,8.2,9.2,32.3,0.941,0.336,0,True
@synthetic_creator_0083,instagram,169721,13303,504,8821,50.3,18.4,19.8,25.5,18.1,15.0,18.0,2.7,3.9,0.893,0.788,1,True
@synthetic_creator_0084,instagram,63894,1631,31,25159,12.9,8.9,2.7,62.2,2.4,18.0,15.1,14.3,16.6,0.506,0.655,0,True
@synthetic_creator_0085,instagram,481358,6522,113,126249,65.1,28.1,23.4,44.5,56.1,29.6,28.3,32.3,8.6,0.91,0.726,1,True
@synthetic_creator_0086,instagram,152774,2203,96,29151,12.6,5.5,4.3,89.4,23.0,1.9,16.7,6.5,3.8,0.596,0.295,0,True
@synthetic_creator_0087,instagram,272390,10231,304,65460,58.7,33.8,15.6,88.8,14.2,28.3,14.2,13.7,12.0,0.756,0.672,0,True
@synthetic_creator_0088,tiktok,477775,27047,662,30665,24.3,7.8,10.7,77.8,36.7,13.7,6.9,1.9,22.2,0.729,0.505,0,True
@synthetic_creator_0089,youtube,458555,8950,103,50797,33.8,21.3,7.9,61.4,43.0,37.8,0.0,0.4,10.2,0.559,0.91,0,True
@synthetic_creator_0090,tiktok,596277,27175,1421,159907,83.9,58.6,16.2,49.9,42.7,33.2,4.3,7.1,6.5,0.738,0.551,1,True
@synthetic_creator_0091,youtube,238426,15529,180,54835,69.7,42.5,6.6,55.1,30.4,31.2,3.0,10.5,1.6,0.506,0.614,1,True
@synthetic_creator_0092,youtube,161464,10254,487,52552,83.7,51.3,7.7,94.1,33.2,0.9,0.0,10.9,13.4,0.742,0.864,1,True
@synthetic_creator_0093,instagram,243857,11878,345,68416,94.0,42.9,21.3,54.6,34.6,23.4,0.0,12.7,5.3,0.917,0.315,1,True
@synthetic_creator_0094,tiktok,35425,4960,198,9228,35.7,11.6,12.4,29.7,36.7,7.3,26.0,0.0,6.6,0.685,0.446,1,True
@synthetic_creator_0095,tiktok,47262,1284,28,15848,92.5,57.1,23.3,80.5,38.5,24.4,13.7,8.7,6.6,0.799,0.931,1,True
@synthetic_creator_0096,instagram,54872,756,13,4054,18.4,9.9,3.4,87.5,51.9,0.0,6.2,20.0,9.6,0.866,0.621,0,True
@synthetic_creator_0097,instagram,81089,5898,216,23662,73.7,48.9,9.0,89.9,31.1,1.9,14.0,1.4,8.5,0.919,0.848,1,True
@synthetic_creator_0098,tiktok,433535,35548,1591,130258,42.7,14.8,18.7,80.6,13.7,42.8,0.0,11.4,28.9,0.363,0.518,1,True
@synthetic_creator_0099,snapchat,90528,743,14,13244,31.7,13.4,6.4,83.0,27.1,30.5,12.8,17.9,11.5,0.557,0.509,0,True
@synthetic_creator_0100,snapchat,170451,2874,91,20194,70.4,31.3,27.1,65.8,45.1,19.7,22.8,7.2,17.7,0.7,0.551,1,True
@synthetic_creator_0101,instagram,1275787,50888,1640,159279,78.6,45.1,10.3,33.9,0.0,11.4,8.8,18.4,12.8,0.564,0.607,1,True
@synthetic_creator_0102,tiktok,174989,17813,370,20884,77.9,47.9,12.5,65.4,0.0,8.7,0.0,0.0,0.5,0.761,0.604,1,True
@synthetic_creator_0103,instagram,650189,7467,285,151704,60.4,41.3,8.4,74.3,48.4,28.0,5.9,23.9,4.7,0.756,0.811,1,True
@synthetic_creator_0104,youtube,87523,2512,43,8530,58.3,24.4,12.9,63.0,60.4,19.8,22.8,18.7,2.8,0.54,0.323,0,True
@synthetic_creator_0105,tiktok,209708,18350,651,58875,68.2,33.9,6.9,62.3,4.7,48.2,12.6,15.6,12.1,0.723,0.295,0,True
@synthetic_creator_0106,snapchat,85817,4548,71,7446,62.6,19.5,14.7,50.5,32.0,22.2,0.0,26.2,42.4,0.689,0.528,0,True
@synthetic_creator_0107,snapchat,178645,2813,96,10613,68.5,27.5,16.5,50.0,22.0,25.9,33.7,11.7,2.1,0.913,0.604,1,True
@synthetic_creator_0108,instagram,735547,27754,709,118975,60.1,27.0,12.8,92.6,24.8,4.2,0.0,8.8,8.0,0.558,0.979,0,True
@synthetic_creator_0109,snapchat,33766,1895,61,3955,76.1,40.9,23.6,93.1,36.1,19.6,7.6,28.7,11.6,0.599,0.838,1,True
@synthetic_creator_0110,tiktok,451941,31011,982,178982,14.3,7.0,1.7,65.0,4.1,27.7,0.0,33.4,5.9,0.84,0.962,0,True
@synthetic_creator_0111,instagram,356925,35842,1985,55697,51.7,23.1,12.4,69.2,7.9,19.4,0.0,8.1,14.3,0.662,0.668,0,True
@synthetic_creator_0112,instagram,131533,7507,258,16799,20.4,11.2,2.0,50.3,24.0,17.7,5.5,13.9,6.7,0.418,0.95,1,True
@synthetic_creator_0113,tiktok,47321,1338,68,5625,61.9,39.1,17.3,74.6,27.1,29.9,16.4,25.5,8.2,0.496,0.947,1,True
@synthetic_creator_0114,instagram,292598,13033,277,52915,96.0,38.1,39.1,91.4,7.5,47.7,22.9,14.2,22.0,0.659,0.76,1,True
@synthetic_creator_0115,instagram,142145,6882,189,37248,43.1,18.9,19.2,42.1,45.8,27.2,6.1,20.9,10.1,0.895,0.396,0,True
@synthetic_creator_0116,tiktok,354765,4386,60,114830,58.2,33.9,18.1,72.0,21.6,42.2,0.0,22.8,18.5,0.671,0.284,0,True
@synthetic_creator_0117,instagram,275466,22125,686,48923,73.9,45.2,11.2,73.1,21.6,34.3,14.8,9.4,11.4,0.373,0.766,1,True
@synthetic_creator_0118,instagram,1834228,54525,2368,493572,3.3,2.1,0.8,72.9,35.7,41.3,15.1,19.2,3.7,0.766,0.588,0,True
@synthetic_creator_0119,tiktok,201344,16652,864,44038,41.9,16.1,9.9,89.6,27.4,15.9,12.4,14.9,6.2,0.684,0.677,0,True
@synthetic_creator_0120,instagram,78574,3707,141,27208,64.1,33.1,22.8,95.5,46.7,21.9,12.8,2.8,13.2,0.968,0.479,1,True
@synthetic_creator_0121,tiktok,332744,2483,104,82908,0.0,0.0,0.0,61.5,11.3,22.0,8.9,5.1,8.1,0.726,0.926,0,True
@synthetic_creator_0122,instagram,349408,11894,224,52922,30.6,14.0,7.1,75.1,2.1,33.2,11.0,8.5,1.1,0.885,0.721,0,True
@synthetic_creator_0123,youtube,1370964,18078,214,406155,82.5,38.9,32.6,66.3,23.8,36.9,8.2,24.3,13.8,0.781,0.536,1,True
@synthetic_creator_0124,instagram,730974,8048,399,246354,80.1,55.6,17.2,55.5,31.2,26.9,20.7,24.6,16.8,0.615,0.638,0,True
@synthetic_creator_0125,youtube,411780,15588,286,87669,64.4,22.2,32.9,69.1,5.2,38.2,32.3,22.5,3.5,0.596,0.66,0,True
@synthetic_creator_0126,tiktok,1553410,50879,740,614403,77.1,44.9,7.7,75.1,2.2,16.6,11.8,19.4,34.8,0.669,0.64,0,True
@synthetic_creator_0127,youtube,64439,4074,231,23048,60.4,38.6,7.5,68.3,33.6,38.3,9.9,19.1,10.0,0.474,0.918,0,True
@synthetic_creator_0128,instagram,124529,3485,202,14810,68.9,24.8,16.8,51.8,14.8,40.2,12.6,17.8,1.7,0.797,0.563,1,True
@synthetic_creator_0129,instagram,88265,1802,73,28718,47.1,27.6,8.9,58.0,0.9,35.2,3.4,19.1,3.4,0.531,0.769,0,True
@synthetic_creator_0130,instagram,168085,4969,143,43758,57.9,28.2,14.3,58.2,49.3,27.0,17.6,19.8,10.9,0.947,0.426,0,True
@synthetic_creator_0131,instagram,51429,2432,125,12198,39.2,25.1,5.3,52.4,17.4,35.7,14.4,1.0,1.8,0.569,0.415,0,True
@synthetic_creator_0132,instagram,575032,8540,172,132187,86.6,57.4,19.7,69.7,53.0,11.6,5.8,7.1,8.7,0.722,0.801,1,True
@synthetic_creator_0133,tiktok,205527,13822,434,71666,93.0,60.4,10.9,71.3,30.6,28.0,19.0,4.7,31.1,0.768,0.962,1,True
@synthetic_creator_0134,instagram,45937,1595,44,12118,89.5,29.2,37.3,79.7,35.9,29.5,10.2,26.1,44.6,0.795,0.838,1,True
@synthetic_creator_0135,instagram,79324,1358,75,18894,44.8,27.0,12.7,52.1,25.8,5.1,0.3,31.5,27.0,0.398,0.854,1,True
@synthetic_creator_0136,instagram,390903,8384,469,26229,31.2,20.8,5.8,56.3,0.0,32.1,13.5,0.0,8.4,0.701,0.763,0,True
@synthetic_creator_0137,tiktok,733623,13294,565,151791,86.9,47.7,16.2,88.3,7.3,6.3,12.4,30.6,25.4,0.506,0.49,1,True
@synthetic_creator_0138,tiktok,2946348,81343,1263,1083709,68.6,37.1,9.9,62.5,27.5,18.6,19.6,15.9,17.6,0.792,0.657,0,True
@synthetic_creator_0139,instagram,8856258,108842,3712,2648976,63.2,20.1,12.1,65.5,37.3,25.6,18.3,25.1,20.9,0.763,0.677,0,True
@synthetic_creator_0140,instagram,441216,17720,394,29929,39.2,25.2,9.1,62.4,0.0,14.0,8.9,20.1,15.4,0.755,0.89,1,True
@synthetic_creator_0141,instagram,81842,2380,129,29413,65.6,20.9,21.5,82.0,28.9,26.2,5.3,29.4,3.5,0.65,0.561,1,True
@synthetic_creator_0142,tiktok,20775,189,3,7049,27.9,11.9,3.6,82.6,7.6,26.0,10.0,17.1,17.8,0.641,0.833,0,True
@synthetic_creator_0143,tiktok,369998,13536,172,89295,70.9,47.5,18.5,81.7,34.7,12.7,13.6,1.4,15.5,0.97,0.683,1,True
@synthetic_creator_0144,instagram,101161,2666,120,5851,89.5,60.8,17.3,65.4,29.6,33.5,14.8,13.9,20.1,0.804,0.278,0,True
@synthetic_creator_0145,instagram,163010,9950,325,40239,95.8,66.7,20.5,51.9,44.9,13.5,13.0,20.2,2.2,0.611,0.63,1,True
@synthetic_creator_0146,tiktok,128731,1002,52,8896,72.7,35.7,17.1,93.9,51.3,59.3,9.1,12.8,8.2,0.424,0.524,0,True
@synthetic_creator_0147,tiktok,226624,9125,125,36743,20.4,7.6,9.9,77.8,39.2,23.4,20.0,21.6,2.3,0.761,0.761,0,True
@synthetic_creator_0148,instagram,964317,11941,597,260479,59.9,29.7,9.7,58.2,47.2,7.4,3.3,14.3,1.3,0.443,0.685,0,True
@synthetic_creator_0149,instagram,323986,2649,31,119719,100.0,34.1,20.5,86.4,23.0,10.2,34.8,9.0,0.8,0.687,0.815,1,True
@synthetic_creator_0150,instagram,221823,8721,99,38869,33.3,21.6,8.6,57.0,86.5,42.2,17.6,4.1,30.5,0.728,0.566,1,True
@synthetic_creator_0151,tiktok,77436,2417,79,27180,53.5,28.1,18.7,86.2,5.6,18.9,0.0,11.1,13.6,0.715,0.425,0,True
@synthetic_creator_0152,instagram,35967,2497,52,13359,90.3,41.7,24.3,87.2,19.4,4.5,11.9,17.0,13.5,0.774,0.784,1,True
@synthetic_creator_0153,tiktok,149706,2878,114,8587,70.4,23.4,13.0,51.2,48.0,37.8,17.7,0.0,79.8,0.623,0.901,1,True
@synthetic_creator_0154,tiktok,251566,17196,194,33659,100.0,46.2,20.6,73.7,45.1,18.8,6.5,7.2,3.2,0.923,0.932,1,True
@synthetic_creator_0155,youtube,2238946,160103,1884,668217,36.7,23.7,8.5,76.7,39.7,34.8,0.0,0.0,9.6,0.805,0.898,1,True
@synthetic_creator_0156,snapchat,313742,5549,257,98795,30.3,17.6,9.0,100.0,43.5,39.0,0.0,8.8,11.8,0.705,0.296,0,True
@synthetic_creator_0157,instagram,872647,52110,1068,163486,85.6,28.5,23.3,53.9,0.0,29.1,15.4,27.0,21.2,0.701,0.754,1,True
@synthetic_creator_0158,tiktok,147391,4153,177,41249,25.1,9.1,3.8,86.5,61.8,60.9,0.0,3.1,7.2,0.643,0.842,0,True
@synthetic_creator_0159,tiktok,64735,1566,74,17106,50.1,22.9,16.3,65.3,25.9,0.0,0.0,22.0,12.0,0.583,0.59,1,True
@synthetic_creator_0160,youtube,84276,2798,36,26034,53.4,18.2,22.7,46.4,54.9,12.7,15.4,43.5,6.5,0.934,0.919,0,True
@synthetic_creator_0161,instagram,112389,2663,129,33888,80.9,54.5,12.0,63.2,0.0,21.2,7.8,29.5,32.7,0.822,0.777,0,True
@synthetic_creator_0162,instagram,3450962,81459,1907,276266,70.4,39.5,17.0,65.0,35.1,58.9,3.0,16.3,13.3,0.457,0.562,1,True
@synthetic_creator_0163,snapchat,100141,4761,140,10553,66.4,22.4,34.9,49.1,18.7,52.0,5.1,23.6,36.9,0.744,0.877,1,True
@synthetic_creator_0164,instagram,733943,17869,256,70792,44.9,27.6,6.0,69.7,41.4,44.3,0.0,1.3,14.7,0.597,0.744,1,True
@synthetic_creator_0165,snapchat,90806,2937,152,34176,85.4,38.2,25.7,79.4,36.3,13.1,14.8,0.0,23.6,0.913,0.587,1,True
@synthetic_creator_0166,instagram,820679,20650,785,303437,100.0,39.8,34.1,68.6,37.3,14.8,1.9,15.3,18.3,0.839,0.745,0,True
@synthetic_creator_0167,instagram,425892,11300,398,140158,72.3,38.2,18.1,56.9,8.8,12.6,4.6,19.0,3.1,0.588,0.732,1,True
@synthetic_creator_0168,snapchat,222355,4989,291,20201,57.5,17.6,28.8,62.8,28.9,13.2,13.5,25.9,4.3,0.902,0.773,0,True
@synthetic_creator_0169,tiktok,255527,5413,144,64136,22.6,11.0,6.5,64.9,26.4,47.4,7.4,9.3,5.7,0.869,0.899,0,True
@synthetic_creator_0170,tiktok,122302,2729,148,14129,39.1,24.9,7.1,68.3,39.9,21.3,3.0,16.9,13.9,0.92,0.703,1,True
@synthetic_creator_0171,instagram,458303,9189,422,82006,49.7,33.3,4.5,81.6,49.8,23.3,0.0,16.6,28.5,0.648,0.736,1,True
@synthetic_creator_0172,instagram,155440,3034,171,22302,41.6,18.2,14.6,69.1,33.0,36.6,13.7,13.7,15.2,0.71,0.715,1,True
@synthetic_creator_0173,instagram,61652,8498,470,20969,54.6,30.4,6.8,44.0,4.5,0.0,10.8,14.3,9.3,0.847,0.674,0,True
@synthetic_creator_0174,tiktok,57900,1894,112,5822,99.5,38.9,13.1,56.6,32.2,25.8,4.8,6.5,3.2,0.73,0.72,1,True
@synthetic_creator_0175,instagram,330085,35342,586,91157,86.2,45.2,20.2,67.5,82.2,8.5,0.0,17.8,9.5,0.831,0.796,1,True
@synthetic_creator_0176,instagram,1784965,73460,3658,703924,51.0,20.5,16.6,81.9,62.9,20.6,10.1,17.0,41.1,0.618,0.352,0,True
@synthetic_creator_0177,instagram,325133,11388,571,94441,24.8,13.1,9.3,84.5,0.0,16.2,14.8,10.6,15.5,0.814,0.801,0,True
@synthetic_creator_0178,snapchat,232729,5345,225,18090,88.4,32.6,35.0,91.6,31.3,15.4,11.0,21.7,5.3,0.807,0.561,1,True
@synthetic_creator_0179,youtube,378129,2293,54,139055,53.8,36.4,12.3,67.0,48.6,28.4,26.4,25.3,19.6,0.661,0.918,0,True
@synthetic_creator_0180,instagram,1286199,40426,2355,353804,11.8,7.8,1.7,76.4,26.4,28.3,17.0,21.8,2.0,0.822,0.952,0,True
@synthetic_creator_0181,snapchat,349150,11960,241,73219,72.8,31.7,20.8,43.2,20.8,21.7,8.9,4.6,17.3,0.528,0.892,1,True
@synthetic_creator_0182,instagram,163879,1242,43,46032,80.6,49.2,24.6,71.4,24.7,30.6,17.4,16.0,3.2,0.691,0.846,0,True
@synthetic_creator_0183,instagram,1012108,30492,1099,361996,0.0,0.0,0.0,48.9,41.0,12.0,10.5,5.9,0.2,0.757,0.456,1,True
@synthetic_creator_0184,instagram,448878,40605,734,97404,34.4,20.5,9.5,64.1,7.0,35.2,10.5,16.0,11.2,0.925,0.626,1,True
@synthetic_creator_0185,youtube,1694515,22056,1017,399842,52.2,21.6,15.8,100.0,53.8,21.9,23.0,5.9,20.4,0.861,0.501,1,True
@synthetic_creator_0186,instagram,334329,22522,325,69659,73.4,26.0,15.8,69.6,28.9,17.7,1.0,27.8,20.7,0.665,0.456,1,True
@synthetic_creator_0187,instagram,61736,1390,62,4655,42.1,24.1,9.9,52.0,11.3,13.1,10.2,22.8,27.2,0.579,0.972,0,True
@synthetic_creator_0188,snapchat,51958,5576,292,16911,34.2,16.7,5.8,71.1,52.5,21.4,21.9,26.5,10.1,0.717,0.797,0,True
@synthetic_creator_0189,tiktok,1945663,33296,914,183367,73.2,37.5,7.2,57.2,0.0,53.1,13.1,25.5,7.6,0.68,0.431,0,True
@synthetic_creator_0190,tiktok,2123123,50271,2285,399358,43.3,22.0,7.3,50.6,18.9,24.1,6.3,12.3,16.6,0.686,0.484,0,True
@synthetic_creator_0191,tiktok,216333,32047,571,40105,68.6,22.2,14.6,96.5,18.6,7.8,0.0,10.7,28.5,0.595,0.75,1,True
@synthetic_creator_0192,tiktok,169426,4169,218,25077,27.2,8.7,7.8,81.0,72.9,38.8,0.0,32.4,3.0,0.935,0.796,1,True
@synthetic_creator_0193,instagram,1549949,56843,3274,295850,21.2,11.5,7.1,70.2,16.3,17.9,30.8,13.3,22.9,0.901,0.921,1,True
@synthetic_creator_0194,tiktok,71078,5974,105,18928,73.9,40.6,14.4,59.1,0.0,29.3,13.1,1.5,35.7,0.916,0.587,1,True
@synthetic_creator_0195,instagram,91704,1002,44,14579,61.3,19.6,29.5,60.3,18.4,15.9,4.2,25.1,24.8,0.208,0.776,1,True
@synthetic_creator_0196,instagram,580701,3294,116,64097,78.1,35.2,22.8,88.1,39.1,44.2,13.5,16.4,6.6,0.763,0.823,1,True
@synthetic_creator_0197,snapchat,167121,4588,167,59207,41.7,22.7,3.9,69.6,45.7,16.1,0.5,30.1,22.1,0.782,0.514,1,True
@synthetic_creator_0198,instagram,266693,7986,361,103954,35.1,19.8,4.8,18.8,75.5,46.0,6.7,17.4,7.0,0.765,0.74,1,True
@synthetic_creator_0199,instagram,220547,4551,156,46426,89.0,56.2,24.9,100.0,58.1,9.3,0.6,14.8,5.4,0.869,0.62,0,True
@synthetic_creator_0200,instagram,402354,11594,463,66169,16.9,7.9,5.1,67.7,33.8,20.6,0.0,30.3,47.1,0.414,0.81,0,True
@synthetic_creator_0201,youtube,1452763,34577,744,96781,86.3,44.8,31.4,70.2,12.2,46.0,0.0,0.0,12.9,0.895,0.898,1,True
@synthetic_creator_0202,snapchat,299150,1243,35,18815,88.0,46.8,15.9,81.3,62.5,27.5,0.0,9.1,25.9,0.59,0.533,1,True
@synthetic_creator_0203,instagram,581128,13140,699,108966,76.5,32.5,27.7,72.0,22.6,59.1,20.2,6.1,10.3,0.88,0.918,1,True
@synthetic_creator_0204,instagram,22920,446,6,8608,37.8,12.2,17.0,76.2,16.8,21.0,0.1,0.0,9.0,0.756,0.424,0,True
@synthetic_creator_0205,tiktok,253099,10040,400,77384,34.6,10.4,19.0,58.6,21.7,28.9,15.3,23.7,16.5,0.797,0.951,1,True
@synthetic_creator_0206,tiktok,97550,2263,43,16802,49.7,31.6,3.8,46.6,5.0,53.6,19.6,9.4,23.3,0.888,0.594,0,True
@synthetic_creator_0207,instagram,62157,2784,145,24167,22.6,8.6,10.8,69.2,20.7,2.3,10.2,24.1,16.4,0.676,0.62,1,True
@synthetic_creator_0208,instagram,93546,3294,128,18715,31.0,17.1,6.0,86.5,25.3,0.4,7.0,18.9,10.4,0.737,0.676,0,True
@synthetic_creator_0209,tiktok,179701,7093,213,26394,71.1,37.8,23.5,55.3,44.6,13.1,11.3,21.1,7.6,0.7,0.874,1,True
@synthetic_creator_0210,instagram,805390,3160,71,160452,71.2,32.8,20.3,54.1,22.2,37.2,5.8,10.4,6.5,0.696,0.826,0,True
@synthetic_creator_0211,tiktok,54629,2994,95,6776,28.8,18.2,5.7,83.3,4.7,0.9,22.0,7.4,0.9,0.596,0.552,0,True
@synthetic_creator_0212,instagram,278384,17266,999,100210,71.9,41.7,12.6,58.1,0.0,34.0,28.8,15.9,17.3,0.499,0.67,1,True
@synthetic_creator_0213,youtube,150090,10484,371,26477,66.4,20.5,32.0,58.8,34.2,32.9,24.5,24.2,14.2,0.793,0.829,1,True
@synthetic_creator_0214,tiktok,181097,1682,56,50759,92.7,56.6,12.9,59.4,31.5,55.2,0.0,14.5,4.5,0.854,0.775,1,True
@synthetic_creator_0215,tiktok,893864,28030,1326,166407,69.2,34.8,17.0,64.0,18.9,40.7,5.6,8.0,10.6,0.717,0.714,1,True
@synthetic_creator_0216,tiktok,511825,23652,684,187126,81.5,35.7,24.5,41.4,20.7,30.5,10.0,3.0,19.9,0.5,0.62,1,True
@synthetic_creator_0217,instagram,1335582,20665,648,367062,66.9,39.5,17.7,56.9,37.8,45.4,14.6,17.0,7.7,0.784,0.391,0,True
@synthetic_creator_0218,instagram,222925,28220,757,49241,79.5,45.7,16.3,68.5,57.8,33.1,0.0,9.5,42.7,0.427,0.696,1,True
@synthetic_creator_0219,instagram,116409,10269,180,11204,22.8,9.7,8.0,68.3,14.4,18.1,0.0,14.3,2.8,0.91,0.413,0,True
@synthetic_creator_0220,tiktok,205123,7158,327,75007,52.0,36.0,7.8,82.4,31.8,7.8,23.1,12.6,5.1,0.67,0.803,1,True
@synthetic_creator_0221,youtube,358970,17725,950,86650,54.0,30.2,14.2,92.6,49.2,16.5,4.4,10.6,22.8,0.633,0.514,0,True
@synthetic_creator_0222,instagram,331667,858,47,49673,48.9,26.5,13.5,87.7,14.5,24.4,0.0,17.9,22.2,0.312,0.855,0,True
@synthetic_creator_0223,tiktok,73037,4346,234,26094,66.1,21.7,27.8,78.7,29.7,27.6,0.0,20.5,14.8,0.492,0.402,1,True
@synthetic_creator_0224,instagram,299116,20515,668,20655,70.9,29.2,28.9,62.8,29.2,0.0,13.9,34.7,12.4,0.853,0.926,1,True
@synthetic_creator_0225,instagram,352876,3619,87,56434,64.8,31.0,17.7,55.7,3.8,21.7,1.8,22.6,3.3,0.509,0.891,0,True
@synthetic_creator_0226,instagram,5503907,187868,7870,1309324,50.6,27.9,7.2,65.3,33.4,25.4,12.4,30.9,4.0,0.588,0.713,0,True
@synthetic_creator_0227,youtube,2551554,215918,12466,431046,36.6,18.5,11.0,73.8,30.6,33.2,0.2,6.8,10.2,0.915,0.367,1,True
@synthetic_creator_0228,instagram,96385,5822,269,20901,82.4,49.9,8.0,77.3,41.1,49.4,0.0,0.0,4.8,0.768,0.764,1,True
@synthetic_creator_0229,instagram,190068,2581,89,27086,63.7,25.8,12.6,74.3,6.3,27.8,24.2,14.9,1.5,0.782,0.475,0,True
@synthetic_creator_0230,tiktok,46345,2304,102,4427,29.5,17.2,8.4,63.2,30.2,11.4,14.0,23.6,18.1,0.433,0.749,1,True
@synthetic_creator_0231,instagram,132078,9252,449,8307,50.2,31.4,8.6,76.8,57.6,0.0,6.7,22.0,51.4,0.743,0.572,0,True
@synthetic_creator_0232,instagram,391885,5506,308,41217,11.4,6.9,2.2,83.9,71.5,35.3,4.8,27.1,8.3,0.609,0.798,0,True
@synthetic_creator_0233,instagram,1140553,57756,2781,437437,55.9,34.0,17.3,78.2,55.6,12.0,24.6,0.0,7.8,0.486,0.514,1,True
@synthetic_creator_0234,instagram,111870,689,21,28123,50.0,32.8,5.9,64.5,6.5,38.0,15.9,27.5,10.3,0.858,0.363,0,True
@synthetic_creator_0235,instagram,122396,14446,342,27066,40.6,13.6,5.7,52.5,39.0,46.0,21.5,18.4,3.0,0.502,0.526,0,True
@synthetic_creator_0236,instagram,20399,522,18,3763,94.6,54.8,10.6,52.1,20.3,1.8,4.2,0.0,12.0,0.515,0.633,0,True
@synthetic_creator_0237,tiktok,220753,2710,71,65772,26.1,17.9,2.8,54.8,35.7,33.3,10.5,22.2,15.3,0.309,0.633,0,True
@synthetic_creator_0238,youtube,74989,1433,81,7456,72.7,38.5,21.7,68.9,14.6,44.4,14.0,16.7,3.0,0.827,0.694,1,True
@synthetic_creator_0239,snapchat,142154,6207,219,20846,100.0,38.7,40.8,72.8,0.0,40.3,4.5,18.8,9.3,0.844,0.853,1,True
@synthetic_creator_0240,instagram,93691,6116,205,26192,81.9,57.3,13.3,43.8,23.1,0.0,9.0,25.0,25.0,0.796,0.668,1,True
@synthetic_creator_0241,instagram,239638,20854,571,52162,54.2,20.1,12.1,57.4,44.5,12.2,4.2,19.3,3.1,0.941,0.685,1,True
@synthetic_creator_0242,instagram,32556,962,40,10402,26.6,11.6,7.7,68.6,35.8,5.8,14.0,0.3,17.2,0.926,0.763,0,True
@synthetic_creator_0243,instagram,46145,842,30,16796,20.9,7.7,2.8,51.5,38.1,32.9,0.0,13.6,11.3,0.913,0.642,0,True
@synthetic_creator_0244,tiktok,3454183,115534,1900,1168137,44.7,21.7,14.0,71.5,34.3,31.2,15.7,0.0,1.9,0.824,0.413,0,True
@synthetic_creator_0245,instagram,57244,556,29,6552,37.8,17.7,11.5,60.4,38.1,0.0,13.1,21.5,6.8,0.734,0.314,0,True
@synthetic_creator_0246,tiktok,71959,4953,138,5901,37.0,18.4,4.0,54.1,40.6,20.5,8.0,29.0,6.9,0.551,0.674,0,True
@synthetic_creator_0247,youtube,2432174,53479,1691,265846,46.8,31.4,10.6,65.8,24.5,37.0,14.5,2.6,3.9,0.95,0.593,0,True
@synthetic_creator_0248,instagram,8763278,176217,3574,2841367,52.4,25.8,17.6,70.9,31.7,27.2,6.4,8.3,11.8,0.746,0.809,1,True
@synthetic_creator_0249,snapchat,65783,5809,218,24329,67.1,34.0,12.8,52.3,64.9,27.2,3.3,6.2,0.6,0.834,0.588,0,True
@synthetic_creator_0250,instagram,172491,6334,285,64495,24.1,15.7,4.8,61.4,32.8,19.5,15.4,10.5,41.1,0.74,0.849,0,True
@synthetic_creator_0251,snapchat,404281,10936,591,62411,37.9,23.8,7.9,72.0,30.9,9.1,15.9,19.1,7.5,0.799,0.675,0,True
@synthetic_creator_0252,tiktok,2135982,45065,566,735033,51.0,20.2,8.8,53.6,32.1,24.7,4.9,10.6,8.9,0.811,0.959,0,True
@synthetic_creator_0253,instagram,82106,1120,65,19515,50.1,15.3,11.0,40.1,25.6,25.8,4.1,21.5,5.4,0.948,0.361,0,True
@synthetic_creator_0254,instagram,199918,2434,109,67567,100.0,55.2,27.3,42.0,21.3,34.2,8.2,25.7,3.1,0.785,0.67,1,True
@synthetic_creator_0255,instagram,682013,17124,414,164997,60.8,38.8,16.7,58.7,34.2,35.4,4.5,26.0,21.8,0.68,0.603,1,True
@synthetic_creator_0256,tiktok,452127,10390,210,45693,14.7,7.6,3.8,45.2,19.9,26.3,25.3,3.8,9.6,0.604,0.728,0,True
@synthetic_creator_0257,instagram,170862,9270,229,13280,65.5,25.2,21.8,59.8,27.1,41.4,13.2,28.9,5.5,0.704,0.633,1,True
@synthetic_creator_0258,youtube,228527,14099,758,87988,68.6,40.9,16.3,90.0,14.2,19.4,10.1,29.7,38.8,0.821,0.952,1,True
@synthetic_creator_0259,instagram,51540,579,14,10258,51.9,29.5,10.4,44.3,32.2,3.3,0.7,30.5,18.5,0.706,0.797,0,True
@synthetic_creator_0260,snapchat,201630,3231,107,34817,24.7,13.0,2.7,60.8,41.7,32.2,17.4,13.4,7.7,0.663,0.758,0,True
@synthetic_creator_0261,instagram,194918,25739,1165,34053,99.0,63.9,15.4,97.0,25.8,26.9,3.9,7.5,27.7,0.891,0.467,1,True
@synthetic_creator_0262,tiktok,354549,9083,486,64750,28.3,17.3,8.1,71.1,0.0,32.5,3.5,5.2,18.3,0.635,0.355,0,True
@synthetic_creator_0263,youtube,137806,1208,51,52469,71.5,40.6,21.1,59.5,41.8,6.0,17.7,4.0,10.8,0.863,0.786,0,True
@synthetic_creator_0264,instagram,472525,9251,440,33996,60.0,34.0,19.7,62.6,32.4,51.9,13.9,15.1,27.1,0.257,0.959,1,True
@synthetic_creator_0265,instagram,904609,39883,744,82926,70.0,39.6,8.9,71.4,10.1,35.7,0.0,23.5,9.9,0.528,0.793,1,True
@synthetic_creator_0266,tiktok,323357,1396,75,105536,97.7,49.8,24.1,90.4,45.5,20.7,8.4,28.1,5.9,0.857,0.746,1,True
@synthetic_creator_0267,tiktok,409260,14739,350,99160,69.0,33.5,19.6,57.0,2.0,11.0,11.3,10.1,21.7,0.622,0.593,1,True
@synthetic_creator_0268,youtube,286011,12750,209,27167,41.0,24.0,5.6,53.6,50.9,41.2,6.6,14.6,6.8,0.712,0.669,0,True
@synthetic_creator_0269,instagram,268364,16942,996,16654,82.6,45.0,12.1,44.3,28.9,8.5,11.6,14.0,15.6,0.552,0.694,0,True
@synthetic_creator_0270,youtube,112885,2489,49,14503,39.2,19.5,13.2,66.5,0.0,58.9,0.0,8.6,19.0,0.831,0.667,0,True
@synthetic_creator_0271,youtube,392304,14197,238,55426,59.1,20.7,23.1,43.9,33.6,15.8,0.0,22.4,79.7,0.442,0.679,0,True
@synthetic_creator_0272,tiktok,238770,17015,702,13126,22.7,13.2,5.6,58.0,21.9,50.8,0.2,18.6,31.2,0.685,0.633,1,True
@synthetic_creator_0273,instagram,3307826,170042,4411,415567,29.2,16.3,4.6,51.4,18.9,22.2,12.8,16.4,2.0,0.927,0.48,1,True
@synthetic_creator_0274,instagram,1772720,37786,629,546727,56.3,24.6,16.0,81.1,15.2,48.7,0.0,18.6,1.4,0.491,0.396,0,True
@synthetic_creator_0275,snapchat,426349,6494,260,148967,64.2,28.4,7.7,57.4,27.5,14.0,1.6,21.2,25.0,0.921,0.644,0,True
@synthetic_creator_0276,tiktok,107401,5777,277,39135,12.4,5.0,2.1,71.0,20.3,25.3,0.0,21.1,7.1,0.949,0.645,0,True
@synthetic_creator_0277,tiktok,70622,2157,107,13168,67.4,46.2,10.9,40.9,0.0,37.1,7.6,6.6,0.3,0.868,0.625,0,True
@synthetic_creator_0278,youtube,1120596,55640,989,181306,34.5,22.2,4.7,67.0,55.4,34.9,29.6,24.0,16.6,0.702,0.9,0,True
@synthetic_creator_0279,instagram,367801,9410,356,147102,87.0,45.6,32.2,47.0,25.1,41.5,7.8,17.6,22.2,0.749,0.869,1,True
@synthetic_creator_0280,tiktok,477429,16834,853,152428,46.2,21.3,12.0,58.6,15.4,17.7,8.9,10.7,2.8,0.876,0.831,0,True
@synthetic_creator_0281,tiktok,33073,955,17,7873,26.9,16.0,2.7,98.2,7.4,26.3,18.4,17.3,12.5,0.725,0.67,0,True
@synthetic_creator_0282,youtube,816617,26772,545,113648,56.9,29.1,5.9,79.0,45.4,43.7,10.2,18.4,21.3,0.734,0.8,1,True
@synthetic_creator_0283,tiktok,462917,9380,94,75204,32.1,22.2,6.3,63.1,4.0,14.4,7.9,25.8,3.3,0.562,0.685,0,True
@synthetic_creator_0284,instagram,70790,1236,44,16308,86.7,27.9,17.8,100.0,32.7,33.6,19.3,4.5,1.9,0.611,0.818,1,True
@synthetic_creator_0285,instagram,152385,3821,75,36531,55.0,17.3,11.8,51.3,18.3,21.7,14.7,28.2,3.7,0.681,0.823,1,True
@synthetic_creator_0286,youtube,368229,6139,283,20174,51.2,27.0,11.0,82.5,19.5,28.1,12.9,15.2,17.7,0.773,0.64,0,True
@synthetic_creator_0287,tiktok,285775,10124,588,110249,69.8,26.6,15.5,42.0,7.9,26.3,8.6,9.9,0.4,0.814,0.542,1,True
@synthetic_creator_0288,instagram,188979,2919,59,47521,29.9,16.2,7.8,61.3,17.6,13.2,6.5,9.6,11.7,0.571,0.679,0,True
@synthetic_creator_0289,snapchat,236999,7267,308,60720,22.8,13.9,4.3,44.8,30.2,21.1,19.2,5.0,7.4,0.447,0.772,0,True
@synthetic_creator_0290,instagram,198318,4410,90,24594,65.2,23.2,11.2,68.9,34.7,27.2,6.6,0.0,10.1,0.583,0.825,1,True
@synthetic_creator_0291,instagram,322247,7168,78,102392,27.5,13.1,9.7,65.8,14.3,23.5,22.3,21.8,2.6,0.939,0.579,0,True
@synthetic_creator_0292,snapchat,1568751,73093,3503,483242,27.5,15.8,5.3,60.4,28.2,48.6,0.0,34.8,6.6,0.945,0.522,0,True
@synthetic_creator_0293,tiktok,12332,1620,51,1027,75.9,48.1,15.8,81.4,47.8,40.1,24.3,0.0,9.4,0.601,0.707,1,True
@synthetic_creator_0294,youtube,201950,1001,57,52153,68.1,34.0,6.9,56.5,0.0,29.3,14.7,5.5,0.6,0.762,0.891,0,True
@synthetic_creator_0295,youtube,331643,34772,1276,92982,23.7,9.0,8.4,69.9,29.9,13.6,0.3,22.5,1.3,0.752,0.703,1,True
@synthetic_creator_0296,instagram,382771,4989,89,131079,39.5,21.1,6.8,77.3,11.0,12.6,15.1,14.5,44.5,0.483,0.399,1,True
@synthetic_creator_0297,instagram,171734,4063,132,20974,32.4,15.6,8.3,42.8,8.9,54.6,3.5,23.3,0.4,0.614,0.891,1,True
@synthetic_creator_0298,youtube,32595,798,16,11642,99.4,60.5,14.7,53.8,35.2,9.9,10.3,14.0,26.4,0.66,0.62,1,True
@synthetic_creator_0299,instagram,397756,23831,1284,84132,77.7,40.6,29.6,65.8,19.1,26.7,5.1,9.2,14.6,0.814,0.981,1,True
@synthetic_creator_0300,tiktok,2132531,89460,3985,178670,44.5,18.3,8.9,74.5,5.7,30.4,8.7,12.7,0.2,0.695,0.657,0,True
@synthetic_creator_0301,instagram,42589,3361,90,3703,69.4,41.8,20.7,86.3,56.5,20.3,19.4,0.0,3.7,0.912,0.407,1,True
@synthetic_creator_0302,instagram,756602,27001,982,90210,21.1,10.7,7.8,61.8,48.4,10.0,15.2,3.6,37.2,0.691,0.807,0,True
@synthetic_creator_0303,instagram,180912,6926,301,26949,38.2,14.2,10.9,60.3,0.0,13.2,0.0,24.5,0.3,0.525,0.459,1,True
@synthetic_creator_0304,tiktok,249299,2383,117,55778,57.6,30.3,10.5,51.9,0.5,16.8,0.0,26.9,14.9,0.48,0.581,0,True
@synthetic_creator_0305,tiktok,75850,9534,133,23669,66.3,45.0,9.1,69.9,41.9,14.4,12.7,29.1,14.6,0.861,0.601,1,True
@synthetic_creator_0306,instagram,179629,2147,23,20720,52.6,30.6,17.4,60.5,24.3,44.9,13.4,19.4,25.1,0.784,0.562,1,True
@synthetic_creator_0307,instagram,1277037,53921,847,507530,61.2,25.7,20.3,60.9,60.0,24.9,3.3,0.0,17.2,0.458,0.653,0,True
@synthetic_creator_0308,instagram,539925,52356,1557,57519,57.0,33.3,12.5,63.6,42.3,17.1,25.9,8.6,19.7,0.828,0.847,1,True
@synthetic_creator_0309,tiktok,2145265,143723,4791,557301,50.9,21.0,6.6,73.3,36.0,26.6,18.1,28.2,9.1,0.756,0.648,1,True
@synthetic_creator_0310,instagram,1102283,41333,695,413498,47.6,24.6,16.3,56.5,9.6,35.0,3.7,31.2,7.6,0.76,0.873,0,True
@synthetic_creator_0311,tiktok,454477,19273,588,155148,44.3,22.6,5.4,53.4,39.8,19.8,2.8,28.6,14.5,0.964,0.297,0,True
@synthetic_creator_0312,tiktok,2175396,75770,2430,602065,60.8,24.3,8.3,71.5,4.5,38.5,7.7,12.6,6.6,0.913,0.842,1,True
@synthetic_creator_0313,instagram,454426,913,14,136519,65.3,28.7,13.4,19.6,56.1,5.9,6.7,1.9,9.2,0.665,0.547,0,True
@synthetic_creator_0314,tiktok,724752,29448,1644,70280,60.0,40.6,9.4,55.9,38.4,42.6,22.6,14.6,12.5,0.838,0.404,0,True
@synthetic_creator_0315,youtube,187984,8228,328,10034,25.5,10.2,11.3,47.7,13.5,24.9,19.8,15.1,5.0,0.951,0.713,0,True
@synthetic_creator_0316,instagram,290644,10376,305,58696,30.0,18.6,7.7,83.0,46.1,24.3,10.4,30.7,11.7,0.824,0.684,1,True
@synthetic_creator_0317,instagram,116202,2317,81,9450,65.0,36.8,9.0,58.4,74.8,14.6,16.8,17.3,3.9,0.893,0.585,0,True
@synthetic_creator_0318,instagram,879844,48580,1248,154160,91.8,47.1,18.9,56.6,25.6,6.6,18.2,15.2,1.6,0.899,0.191,0,True
@synthetic_creator_0319,tiktok,65253,3533,186,8372,58.8,20.9,25.3,64.3,41.0,0.0,10.6,15.7,5.4,0.354,0.979,0,True
@synthetic_creator_0320,youtube,686128,22445,869,254362,44.7,17.1,14.3,56.1,21.4,13.6,14.0,19.0,1.5,0.874,0.548,0,True
@synthetic_creator_0321,tiktok,213462,9041,314,76423,60.6,22.5,11.6,59.0,31.7,33.8,15.9,21.3,2.6,0.749,0.724,0,True
@synthetic_creator_0322,snapchat,1094158,28404,1577,368326,26.6,14.2,5.4,66.5,0.0,10.6,14.9,7.8,25.9,0.833,0.74,0,True
@synthetic_creator_0323,tiktok,660691,24432,1267,198128,87.7,60.5,15.7,58.7,30.0,1.8,2.2,4.4,10.4,0.752,0.532,1,True
@synthetic_creator_0324,instagram,2385156,172994,8760,247877,59.7,38.8,16.3,58.6,30.9,11.4,3.2,28.7,0.6,0.747,0.62,0,True
@synthetic_creator_0325,instagram,644951,54999,1170,43165,38.3,11.9,15.8,49.8,66.0,19.2,7.1,0.0,60.8,0.76,0.866,1,True
@synthetic_creator_0326,tiktok,40682,713,12,11344,50.8,20.8,6.3,47.7,0.0,19.8,2.9,31.4,2.4,0.886,0.678,1,True
@synthetic_creator_0327,tiktok,247621,10515,467,68043,41.8,15.2,16.6,65.9,24.4,23.1,0.0,0.0,6.8,0.336,0.973,0,True
@synthetic_creator_0328,instagram,65748,164,5,11788,87.8,60.6,9.5,69.6,55.8,40.5,16.8,9.2,2.0,0.405,0.588,1,True
@synthetic_creator_0329,instagram,144071,6094,269,31038,49.9,19.7,21.7,43.6,25.2,43.7,13.5,24.7,14.5,0.688,0.749,1,True
@synthetic_creator_0330,instagram,1645367,67518,3242,363958,58.9,22.4,15.7,76.4,26.6,55.1,0.0,15.0,12.0,0.595,0.607,0,True
@synthetic_creator_0331,instagram,576678,59036,1462,77260,69.3,38.0,10.0,76.5,13.3,0.6,7.6,1.8,15.2,0.74,0.805,1,True
@synthetic_creator_0332,tiktok,115992,12832,310,18553,36.5,19.1,8.4,79.6,11.3,12.2,8.2,19.3,7.5,0.812,0.461,1,True
@synthetic_creator_0333,tiktok,79502,5015,173,15617,59.8,23.4,12.9,69.5,0.0,35.5,11.8,15.7,60.2,0.848,0.976,0,True
@synthetic_creator_0334,youtube,279103,18376,435,72877,61.9,35.1,9.1,74.6,17.4,18.2,0.0,12.8,38.7,0.946,0.468,1,True
@synthetic_creator_0335,instagram,62325,2726,118,23966,16.1,5.5,5.8,97.8,10.2,37.9,0.0,8.8,29.3,0.753,0.62,0,True
@synthetic_creator_0336,youtube,119926,3744,177,28598,61.3,18.9,28.0,60.5,32.4,28.1,15.2,14.7,1.4,0.81,0.935,1,True
@synthetic_creator_0337,instagram,390198,30332,1019,119364,53.9,17.9,25.2,49.3,14.2,48.7,0.0,9.2,17.1,0.816,0.605,1,True
@synthetic_creator_0338,instagram,1073435,130707,6037,356863,58.2,26.0,14.2,42.0,20.4,40.6,7.7,39.3,40.5,0.651,0.596,1,True
@synthetic_creator_0339,youtube,557107,8694,308,49988,55.9,38.6,4.2,91.3,21.0,40.9,6.7,12.6,23.0,0.839,0.759,0,True
@synthetic_creator_0340,snapchat,17161,442,20,4780,61.5,31.9,14.5,91.5,29.0,18.8,8.8,11.3,0.3,0.842,0.724,1,True
@synthetic_creator_0341,snapchat,386636,19081,405,84572,88.4,53.2,16.2,51.1,19.4,23.5,12.5,9.6,21.5,0.867,0.607,1,True
@synthetic_creator_0342,instagram,292564,8065,378,73243,25.5,10.9,4.6,54.1,8.8,20.4,26.0,32.8,6.5,0.655,0.428,0,True
@synthetic_creator_0343,instagram,440941,24079,1101,27975,46.4,27.3,14.1,60.1,31.7,2.4,0.0,0.0,12.8,0.72,0.837,0,True
@synthetic_creator_0344,tiktok,1866268,179940,4198,685247,71.7,49.2,17.6,83.4,51.3,47.1,18.8,18.6,3.5,0.861,0.714,1,True
@synthetic_creator_0345,youtube,22564,131,4,8652,67.0,29.7,8.6,45.7,32.6,36.2,0.0,12.6,0.3,0.68,0.669,1,True
@synthetic_creator_0346,instagram,132015,3703,195,6761,66.5,46.5,13.5,35.5,17.8,19.8,23.9,0.8,0.2,0.622,0.723,1,True
@synthetic_creator_0347,instagram,545297,13329,299,67876,100.0,55.5,26.1,97.5,27.5,44.6,0.0,6.8,10.0,0.905,0.69,1,True
@synthetic_creator_0348,instagram,40218,511,23,4547,70.4,42.2,10.1,69.7,0.0,15.5,34.4,18.2,0.7,0.784,0.711,1,True
@synthetic_creator_0349,instagram,1577164,3527,203,510144,83.3,33.4,29.0,71.8,27.2,0.0,6.1,6.4,5.9,0.765,0.769,1,True
@synthetic_creator_0350,instagram,417495,1764,94,108268,47.3,26.4,5.8,61.9,22.0,40.1,22.9,17.6,16.5,0.937,0.529,0,True
@synthetic_creator_0351,tiktok,741107,12455,374,83053,30.2,15.2,3.6,72.0,11.3,5.8,20.8,32.3,19.7,0.868,0.456,0,True
@synthetic_creator_0352,instagram,135248,422,17,45293,47.1,32.2,11.9,42.3,15.0,22.1,5.6,16.7,43.3,0.672,0.826,0,True
@synthetic_creator_0353,tiktok,712486,22269,1326,123770,72.8,48.2,14.3,52.4,21.8,28.1,6.4,0.5,24.5,0.522,0.687,0,True
@synthetic_creator_0354,tiktok,967205,33989,1305,204370,65.2,29.9,12.4,66.6,49.8,30.8,1.6,6.5,3.9,0.853,0.482,1,True
@synthetic_creator_0355,instagram,354851,5224,82,65845,65.1,44.2,9.8,30.9,51.8,37.7,17.9,12.1,18.0,0.428,0.812,0,True
@synthetic_creator_0356,instagram,355500,3631,44,82647,49.6,32.5,13.2,60.5,11.4,33.7,5.8,11.5,13.3,0.903,0.369,0,True
@synthetic_creator_0357,youtube,371168,12853,636,80933,45.7,24.5,9.8,59.5,19.6,33.2,1.8,16.5,7.6,0.738,0.417,0,True
@synthetic_creator_0358,tiktok,95223,5531,172,13912,50.5,16.8,24.9,60.5,20.1,13.1,15.4,18.1,26.0,0.906,0.798,1,True
@synthetic_creator_0359,youtube,224799,13588,303,44643,73.1,26.6,33.5,56.7,46.2,29.4,1.0,32.3,7.6,0.705,0.614,1,True
@synthetic_creator_0360,instagram,223456,13416,367,82213,76.0,25.1,20.7,50.1,32.9,2.4,6.7,15.0,15.8,0.598,0.81,1,True
@synthetic_creator_0361,tiktok,425096,27759,1328,96077,29.8,10.2,12.1,37.7,31.9,48.4,11.1,3.5,4.0,0.461,0.21,0,True
@synthetic_creator_0362,snapchat,890723,7434,247,330222,74.1,51.2,13.7,67.2,40.7,4.0,3.6,26.5,16.2,0.723,0.836,1,True
@synthetic_creator_0363,instagram,75339,1361,72,18273,38.7,14.9,15.8,60.5,18.1,19.8,5.1,27.6,9.1,0.696,0.725,0,True
@synthetic_creator_0364,instagram,230957,11896,556,73695,66.7,38.5,11.9,44.4,57.3,5.2,25.3,17.3,7.3,0.744,0.786,1,True
@synthetic_creator_0365,youtube,1587620,85281,5006,242520,50.2,27.8,5.2,65.9,30.0,14.0,8.0,12.5,9.1,0.862,0.853,0,True
@synthetic_creator_0366,instagram,109940,414,22,35911,94.1,52.0,12.8,60.6,12.9,25.2,6.4,21.2,12.5,0.555,0.574,0,True
@synthetic_creator_0367,instagram,100037,10779,244,14256,44.5,17.0,15.7,58.1,25.4,17.1,8.2,12.9,32.4,0.785,0.425,0,True
@synthetic_creator_0368,snapchat,342068,8693,373,19443,59.5,31.6,18.5,32.6,54.6,42.2,14.5,0.0,14.6,0.647,0.695,0,True
@synthetic_creator_0369,instagram,739154,53407,588,78538,70.2,38.6,20.6,75.2,21.5,28.4,0.0,20.6,15.1,0.676,0.604,1,True
@synthetic_creator_0370,tiktok,272041,15172,903,15663,33.2,17.5,8.6,46.5,49.0,18.1,14.3,23.9,1.6,0.774,0.851,1,True
@synthetic_creator_0371,tiktok,1322127,82013,1890,504354,53.2,19.9,8.3,65.9,17.5,23.0,12.6,29.4,25.6,0.603,0.662,0,True
@synthetic_creator_0372,tiktok,750243,15401,665,300091,48.3,28.5,4.2,52.9,14.7,43.3,0.0,7.7,20.3,0.6,0.525,0,True
@synthetic_creator_0373,instagram,736882,35444,1859,233429,42.2,13.9,18.9,59.2,43.2,38.6,27.9,17.3,0.6,0.624,0.951,0,True
@synthetic_creator_0374,instagram,521747,35905,647,45832,44.0,23.6,10.8,82.3,12.5,7.9,24.6,17.5,41.4,0.472,0.333,0,True
@synthetic_creator_0375,youtube,4382735,96480,5054,1598080,82.8,39.3,29.1,73.0,46.5,14.8,2.0,15.9,5.8,0.52,0.491,0,True
@synthetic_creator_0376,youtube,209778,6706,71,65098,40.0,16.0,7.1,82.0,37.0,32.1,0.0,16.1,0.9,0.721,0.807,1,True
@synthetic_creator_0377,instagram,24240,1413,45,4030,69.2,43.1,11.6,70.0,12.5,30.3,12.3,15.4,43.8,0.745,0.837,1,True
@synthetic_creator_0378,instagram,1839685,36339,1221,415395,62.9,23.3,29.7,70.9,28.6,9.2,0.0,17.1,3.9,0.834,0.752,0,True
@synthetic_creator_0379,instagram,154934,3338,95,43631,20.1,13.5,2.0,38.3,19.0,36.2,23.6,22.4,12.3,0.841,0.636,1,True
@synthetic_creator_0380,instagram,305424,18177,714,17842,68.0,44.4,5.6,60.2,37.0,11.6,5.3,27.2,17.1,0.717,0.643,1,True
@synthetic_creator_0381,youtube,1291688,35979,2005,291326,19.7,8.7,6.5,61.6,67.8,44.6,26.2,7.4,5.1,0.594,0.715,0,True
@synthetic_creator_0382,snapchat,39233,235,6,12018,70.7,29.8,22.7,83.4,22.6,32.9,1.8,13.3,27.4,0.913,0.813,1,True
@synthetic_creator_0383,instagram,59755,1970,76,6924,42.3,15.0,21.1,57.4,40.7,8.0,8.9,10.8,15.8,0.953,0.936,0,True
@synthetic_creator_0384,snapchat,39279,691,37,8065,55.2,36.8,13.7,69.0,30.5,17.1,22.7,9.3,14.9,0.567,0.727,0,True
@synthetic_creator_0385,youtube,103469,5562,270,24458,22.6,12.5,6.6,68.4,30.5,16.8,6.8,0.0,14.5,0.662,0.462,0,True
@synthetic_creator_0386,tiktok,454777,1493,17,139820,58.1,18.2,8.4,82.4,26.7,27.4,12.7,15.2,11.8,0.646,0.782,0,True
@synthetic_creator_0387,snapchat,503342,20505,1171,195074,78.2,39.4,18.9,63.0,12.9,21.9,20.9,19.8,22.8,0.668,0.538,1,True
@synthetic_creator_0388,instagram,373819,9650,119,129676,34.8,11.6,17.1,77.4,36.7,7.8,4.4,13.4,3.0,0.939,0.459,1,True
@synthetic_creator_0389,youtube,49250,740,29,13175,39.8,21.1,8.6,39.4,24.2,4.1,0.0,14.9,9.0,0.835,0.931,1,True
@synthetic_creator_0390,instagram,16778,720,27,4266,66.4,33.4,25.6,40.8,11.9,33.2,0.0,19.2,8.3,0.789,0.925,1,True
@synthetic_creator_0391,instagram,286422,8483,418,74789,67.0,22.3,26.4,30.7,50.3,29.3,15.8,29.1,9.3,0.553,0.514,1,True
@synthetic_creator_0392,tiktok,152339,1799,31,36685,0.0,0.0,0.0,76.8,32.0,26.6,13.9,10.8,20.3,0.919,0.814,0,True
@synthetic_creator_0393,instagram,465684,27031,512,32959,100.0,40.5,30.1,75.1,25.4,29.1,20.6,3.3,16.1,0.713,0.553,1,True
@synthetic_creator_0394,tiktok,623026,30170,1436,183421,68.2,35.2,20.4,78.5,56.8,15.7,7.3,14.1,10.2,0.72,0.714,1,True
@synthetic_creator_0395,instagram,316756,10096,176,95254,72.4,40.2,7.7,54.8,0.0,27.8,0.0,33.8,12.4,0.825,0.615,1,True
@synthetic_creator_0396,instagram,668077,47042,1574,153235,51.4,35.2,6.6,56.5,55.5,63.1,0.0,3.4,21.7,0.981,0.746,0,True
@synthetic_creator_0397,tiktok,353293,10688,497,125290,8.6,4.3,2.7,63.2,12.4,42.6,38.7,21.5,36.9,0.293,0.632,0,True
@synthetic_creator_0398,instagram,506904,33999,1447,144646,71.9,47.9,7.0,86.7,34.2,20.7,15.3,26.6,4.3,0.565,0.671,1,True
@synthetic_creator_0399,instagram,115196,1523,31,20381,40.9,18.1,9.3,90.4,18.2,17.1,11.4,0.0,25.1,0.874,0.826,0,True
@synthetic_creator_0400,instagram,216309,1865,46,12306,68.6,44.1,15.0,76.9,11.5,0.0,12.8,19.1,6.9,0.779,0.669,1,True
@synthetic_creator_0401,snapchat,339806,8689,507,24026,49.5,19.5,20.0,70.0,56.3,41.0,0.0,21.0,29.7,0.645,0.947,0,True
@synthetic_creator_0402,tiktok,718293,31389,1018,124357,61.0,35.5,13.0,85.0,67.1,36.8,2.1,12.3,15.4,0.885,0.402,1,True
@synthetic_creator_0403,instagram,167294,2905,35,35422,35.6,12.0,18.3,61.2,25.6,16.8,27.4,8.5,4.5,0.76,0.672,0,True
@synthetic_creator_0404,tiktok,501520,12710,266,54367,76.6,53.2,17.7,59.1,36.7,3.5,16.6,9.1,16.6,0.653,0.925,1,True
@synthetic_creator_0405,tiktok,195046,6429,174,22677,25.3,17.2,3.9,63.1,31.1,7.7,2.4,11.7,7.8,0.949,0.717,0,True
@synthetic_creator_0406,instagram,233036,7536,451,30428,100.0,47.7,15.5,50.3,64.6,31.7,0.0,12.0,5.5,0.699,0.529,1,True
@synthetic_creator_0407,instagram,726085,20004,502,234655,100.0,51.0,32.6,62.4,0.0,23.7,4.8,10.1,14.3,0.861,0.669,1,True
@synthetic_creator_0408,tiktok,24546,749,8,7853,95.8,51.7,15.3,48.2,37.5,35.4,6.8,11.6,8.6,0.393,0.821,1,True
@synthetic_creator_0409,instagram,56626,2070,73,10420,86.9,35.6,36.2,80.4,15.5,26.3,30.5,26.9,2.0,0.595,0.509,1,True
@synthetic_creator_0410,youtube,45314,8076,114,4999,52.9,30.1,12.6,73.2,0.0,39.5,8.1,2.9,34.5,0.698,0.577,1,True
@synthetic_creator_0411,instagram,16312,266,6,1448,84.2,48.8,15.4,86.4,22.8,30.5,0.0,0.0,9.5,0.897,0.591,1,True
@synthetic_creator_0412,tiktok,118905,1804,107,9571,52.6,26.8,13.8,40.6,67.0,37.4,9.4,27.1,3.7,0.952,0.771,1,True
@synthetic_creator_0413,instagram,659555,14788,668,123302,16.2,5.8,5.4,93.5,16.9,0.0,12.6,13.1,4.4,0.765,0.443,0,True
@synthetic_creator_0414,tiktok,190639,6583,82,12570,92.6,61.8,23.2,41.4,45.8,6.5,0.0,11.1,8.9,0.716,0.691,0,True
@synthetic_creator_0415,snapchat,340220,6008,194,56739,83.2,28.8,17.9,47.0,54.0,19.5,14.0,13.9,44.0,0.807,0.608,1,True
@synthetic_creator_0416,instagram,991586,47424,881,383284,54.2,29.9,18.4,55.7,29.7,41.2,22.1,17.1,13.3,0.446,0.659,1,True
@synthetic_creator_0417,instagram,1320107,52906,854,300491,24.4,8.3,3.5,84.6,32.4,53.2,11.4,9.8,0.5,0.953,0.752,1,True
@synthetic_creator_0418,tiktok,246973,7758,305,83458,40.3,14.5,17.1,68.4,0.0,22.5,2.0,20.1,1.3,0.74,0.951,1,True
@synthetic_creator_0419,instagram,1361779,48041,1695,129700,9.5,2.9,4.9,61.3,15.7,15.8,4.7,5.4,22.5,0.383,0.619,0,True
@synthetic_creator_0420,instagram,299704,1212,57,43105,78.6,35.0,19.0,53.1,48.1,0.0,0.0,12.0,4.7,0.601,0.528,1,True
@synthetic_creator_0421,tiktok,98235,2486,135,37456,14.9,8.3,1.6,44.4,31.2,38.0,8.7,0.0,25.1,0.593,0.775,0,True
@synthetic_creator_0422,instagram,131494,5463,122,24226,62.2,31.6,20.9,82.0,37.3,16.7,13.1,26.7,3.9,0.824,0.521,1,True
@synthetic_creator_0423,instagram,45404,482,27,12574,33.9,19.3,10.3,77.0,32.7,69.4,1.0,13.2,22.3,0.879,0.629,0,True
@synthetic_creator_0424,instagram,92433,4151,149,36200,19.3,11.0,3.3,85.3,73.8,13.9,29.4,21.7,5.5,0.898,0.685,0,True
@synthetic_creator_0425,instagram,174622,4821,110,42393,61.0,21.7,20.1,71.0,21.4,56.6,17.9,19.8,10.4,0.776,0.575,0,True
@synthetic_creator_0426,youtube,703836,7441,389,110411,46.7,15.1,21.7,25.4,62.1,36.2,0.0,20.5,10.4,0.557,0.863,0,True
@synthetic_creator_0427,instagram,2115758,107023,1260,499703,76.0,41.8,10.8,46.3,32.7,9.6,0.0,14.9,10.2,0.546,0.473,0,True
@synthetic_creator_0428,instagram,51091,3853,146,3531,23.3,13.1,5.9,72.0,63.9,28.5,0.2,18.9,16.4,0.733,0.746,1,True
@synthetic_creator_0429,tiktok,429936,11387,524,38405,36.1,18.9,7.9,59.5,5.5,36.6,25.7,5.4,0.9,0.735,0.719,0,True
@synthetic_creator_0430,youtube,76983,926,22,4042,0.0,0.0,0.0,56.6,33.7,21.6,18.9,3.3,5.5,0.908,0.148,0,True
@synthetic_creator_0431,instagram,474319,10288,547,170505,0.4,0.2,0.1,48.5,22.1,37.6,26.2,14.0,1.0,0.541,0.621,0,True
@synthetic_creator_0432,tiktok,229279,4250,93,65332,100.0,33.0,26.4,79.2,32.8,37.2,10.1,8.2,35.6,0.953,0.769,1,True
@synthetic_creator_0433,tiktok,29819,1820,94,4604,100.0,55.3,34.0,71.8,54.4,33.9,7.9,29.3,9.0,0.778,0.91,1,True
@synthetic_creator_0434,instagram,817459,51963,723,104149,57.3,20.0,20.2,72.5,37.6,24.8,0.0,18.8,20.8,0.588,0.92,0,True
@synthetic_creator_0435,instagram,129832,7871,141,37531,34.4,19.3,7.7,55.5,54.4,7.4,13.5,7.8,2.8,0.913,0.495,0,True
@synthetic_creator_0436,tiktok,141395,6803,197,52575,47.5,22.2,11.5,67.6,16.6,23.8,8.0,12.3,1.3,0.915,0.542,1,True
@synthetic_creator_0437,instagram,74332,2508,132,11499,76.8,45.1,14.0,44.9,13.5,27.6,7.7,16.3,10.1,0.88,0.683,1,True
@synthetic_creator_0438,instagram,122376,665,11,19891,42.1,13.5,19.8,63.1,30.3,0.0,26.2,14.3,10.0,0.504,0.683,0,True
@synthetic_creator_0439,tiktok,448412,6898,370,156488,60.9,31.8,17.7,27.1,29.2,27.5,8.7,17.7,6.8,0.707,0.859,1,True
@synthetic_creator_0440,instagram,213823,9306,199,77549,54.7,19.6,23.3,41.5,26.3,23.5,23.3,15.7,12.4,0.997,0.711,1,True
@synthetic_creator_0441,instagram,398074,9470,308,147252,40.8,23.4,7.9,60.2,10.8,5.6,0.0,1.1,4.2,0.709,0.572,0,True
@synthetic_creator_0442,instagram,414283,10116,279,63221,41.8,14.6,9.7,100.0,54.0,20.0,36.9,0.0,36.0,0.512,0.555,1,True
@synthetic_creator_0443,youtube,1309026,17873,284,120573,62.3,20.5,10.5,38.0,22.7,20.3,6.3,11.3,3.4,0.874,0.788,0,True
@synthetic_creator_0444,tiktok,177843,5428,310,36279,30.6,17.9,8.4,46.3,58.5,54.0,17.1,20.6,15.9,0.699,0.954,0,True
@synthetic_creator_0445,instagram,45604,1230,39,7001,66.3,21.6,20.1,68.3,30.3,28.3,18.7,11.4,39.1,0.66,0.765,0,True
@synthetic_creator_0446,instagram,965756,16920,753,347047,43.2,16.8,13.3,91.5,43.0,40.5,5.0,27.4,5.1,0.604,0.249,0,True
@synthetic_creator_0447,snapchat,180270,5582,216,11324,58.2,36.6,10.4,68.0,41.2,23.2,18.2,14.5,15.9,0.571,0.835,1,True
@synthetic_creator_0448,tiktok,1022244,62017,2175,277905,89.6,55.9,15.5,75.5,13.5,0.0,18.7,28.6,3.8,0.671,0.236,1,True
@synthetic_creator_0449,tiktok,425088,17251,704,156076,50.8,32.6,11.1,59.9,37.3,35.1,2.9,26.5,26.5,0.544,0.672,0,True
@synthetic_creator_0450,instagram,229265,2478,136,89833,78.0,33.6,25.1,57.3,68.6,15.1,3.0,25.5,2.4,0.829,0.658,1,True
@synthetic_creator_0451,instagram,407799,7953,357,113182,10.2,5.2,3.9,66.2,35.0,20.0,10.5,3.0,12.1,0.769,0.786,0,True
@synthetic_creator_0452,instagram,2789059,110801,4057,1066739,43.2,26.3,4.8,55.1,48.0,9.2,8.8,15.2,22.2,0.475,0.752,1,True
@synthetic_creator_0453,youtube,3244191,150818,6373,248118,55.7,19.8,19.6,75.9,43.9,26.1,23.9,27.2,7.4,0.899,0.963,1,True
@synthetic_creator_0454,youtube,291634,7693,310,51253,100.0,59.0,9.8,40.9,36.1,41.0,17.0,17.7,19.0,0.682,0.584,1,True
@synthetic_creator_0455,instagram,325210,34838,1102,17252,6.0,2.0,2.7,78.3,33.7,39.0,9.3,20.5,52.3,0.451,0.574,0,True
@synthetic_creator_0456,tiktok,976263,11451,472,384075,52.6,35.0,10.0,65.6,40.9,48.8,16.1,1.1,3.7,0.924,0.774,0,True
@synthetic_creator_0457,youtube,97266,4408,141,35594,91.4,50.7,18.6,61.8,45.3,50.9,0.0,34.2,23.2,0.828,0.589,1,True
@synthetic_creator_0458,youtube,400185,25770,1233,23938,35.4,17.6,12.1,40.4,3.0,0.0,3.8,7.1,53.6,0.591,0.428,1,True
@synthetic_creator_0459,instagram,260137,4176,244,14657,49.7,24.5,11.9,50.3,34.9,7.1,12.9,0.0,9.6,0.465,0.827,0,True
@synthetic_creator_0460,instagram,391088,22099,1281,69785,63.3,23.6,13.4,83.0,26.3,0.0,21.2,11.5,1.6,0.625,0.744,1,True
@synthetic_creator_0461,snapchat,98711,3351,171,13867,59.6,26.1,16.2,61.9,22.2,34.5,12.0,0.0,7.7,0.819,0.477,0,True
@synthetic_creator_0462,instagram,39835,1532,61,13799,94.1,55.6,9.3,69.2,55.9,14.6,24.6,4.1,1.2,0.822,0.769,1,True
@synthetic_creator_0463,instagram,22301,705,33,2367,66.2,34.2,23.7,51.8,15.3,17.7,18.7,40.6,24.9,0.509,0.594,1,True
@synthetic_creator_0464,instagram,70202,634,11,22936,88.2,45.1,27.5,64.6,2.1,21.8,5.1,11.2,18.1,0.799,0.592,1,True
@synthetic_creator_0465,instagram,154753,8909,302,37769,46.0,17.4,18.8,44.4,45.9,30.7,8.6,0.7,6.5,0.928,0.885,1,True
@synthetic_creator_0466,instagram,188748,1385,31,34368,36.5,21.0,11.2,66.5,1.6,2.7,14.1,15.3,2.5,0.366,0.642,0,True
@synthetic_creator_0467,tiktok,2743314,56022,570,277079,49.4,22.5,18.1,70.6,0.0,6.1,5.5,6.0,42.4,0.883,0.559,0,True
@synthetic_creator_0468,snapchat,1011749,47107,2748,403882,26.0,9.7,7.5,69.8,48.2,25.0,25.3,23.6,5.7,0.373,0.357,0,True
@synthetic_creator_0469,instagram,84583,3336,177,22524,67.1,45.5,5.9,51.4,33.2,43.0,0.0,6.1,25.6,0.851,0.667,1,True
@synthetic_creator_0470,snapchat,407277,10045,358,82996,45.4,22.8,9.6,59.9,39.5,24.6,13.2,17.7,19.6,0.565,0.694,0,True
@synthetic_creator_0471,youtube,164638,3562,80,29617,38.2,19.5,14.2,73.1,21.2,13.1,17.4,3.5,30.2,0.917,0.867,0,True
@synthetic_creator_0472,tiktok,190758,6573,293,70009,67.5,46.7,16.0,61.8,2.3,0.0,6.9,41.0,12.5,0.812,0.575,1,True
@synthetic_creator_0473,tiktok,335169,3214,102,113091,26.4,11.8,9.7,60.7,6.3,39.3,4.6,20.0,19.3,0.61,0.653,0,True
@synthetic_creator_0474,youtube,564110,15138,759,188364,74.3,50.3,7.7,93.6,24.6,14.0,9.2,13.5,6.7,0.691,0.843,0,True
@synthetic_creator_0475,tiktok,178597,6807,408,47447,43.0,24.9,5.8,50.7,4.6,7.8,18.1,12.1,16.1,0.547,0.567,0,True
@synthetic_creator_0476,instagram,961857,1971,54,347023,84.0,46.5,27.3,81.2,36.1,0.0,5.0,9.5,40.2,0.671,0.518,0,True
@synthetic_creator_0477,snapchat,68164,6858,152,10548,45.2,17.8,7.8,47.7,20.8,3.4,0.0,7.4,7.0,0.893,0.49,1,True
@synthetic_creator_0478,instagram,270386,10905,254,80114,70.8,22.7,26.5,74.8,33.7,10.6,21.5,7.1,1.9,0.498,0.494,1,True
@synthetic_creator_0479,youtube,6059927,355172,5209,1160819,59.5,28.3,13.3,75.6,33.1,21.4,14.0,31.8,1.2,0.777,0.749,0,True
@synthetic_creator_0480,instagram,350703,7845,233,91182,73.6,22.4,19.5,57.3,37.7,6.9,20.1,9.5,32.5,0.635,0.45,1,True
@synthetic_creator_0481,instagram,1498323,144068,1566,598360,57.7,19.0,23.5,46.7,40.0,27.8,17.6,0.0,51.4,0.675,0.499,0,True
@synthetic_creator_0482,tiktok,299486,21600,339,118172,13.4,7.2,4.8,35.4,23.1,21.3,31.8,3.3,27.9,0.67,0.628,0,True
@synthetic_creator_0483,tiktok,538709,47159,1112,123588,80.2,47.3,21.9,55.8,33.7,58.3,21.1,24.3,6.9,0.747,0.637,1,True
@synthetic_creator_0484,instagram,250661,10552,189,62878,52.8,19.4,16.4,72.9,34.7,0.0,2.8,12.5,7.2,0.501,0.816,0,True
@synthetic_creator_0485,youtube,218711,13929,649,79624,74.7,44.3,14.1,48.8,0.0,27.4,14.7,13.7,7.6,0.722,0.635,1,True
@synthetic_creator_0486,instagram,105305,3679,56,41592,72.3,49.1,17.2,66.5,42.9,27.6,4.4,26.7,30.8,0.46,0.953,1,True
@synthetic_creator_0487,instagram,449711,16978,904,145037,35.7,21.3,7.9,42.9,33.0,9.5,5.5,7.2,22.0,0.768,0.812,1,True
@synthetic_creator_0488,tiktok,96582,971,20,7032,32.1,19.7,6.2,61.5,41.3,26.4,0.0,21.3,12.3,0.506,0.809,1,True
@synthetic_creator_0489,instagram,596421,15926,245,97171,71.4,41.4,18.3,47.8,4.3,36.5,7.1,8.3,4.3,0.584,0.43,0,True
@synthetic_creator_0490,instagram,986920,99964,1050,359038,47.4,18.5,9.9,63.8,23.7,26.4,15.5,20.8,3.8,0.491,0.418,1,True
@synthetic_creator_0491,instagram,416581,10646,487,132857,78.4,34.8,10.4,57.5,8.2,45.8,9.3,11.1,28.0,0.802,0.553,1,True
@synthetic_creator_0492,instagram,190327,3765,85,58959,50.5,34.4,11.5,47.1,44.9,0.0,0.0,12.6,2.1,0.77,0.655,0,True
@synthetic_creator_0493,snapchat,462665,13187,467,131291,80.6,45.5,19.8,55.1,1.9,12.4,0.0,23.2,5.8,0.913,0.798,1,True
@synthetic_creator_0494,instagram,185274,1539,23,36191,65.6,40.4,7.5,51.0,11.4,47.1,31.1,22.5,9.8,0.613,0.749,1,True
@synthetic_creator_0495,tiktok,824602,62470,3702,157609,62.2,42.8,7.4,45.3,40.7,38.7,13.3,13.3,9.1,0.522,0.533,1,True
@synthetic_creator_0496,tiktok,29801,1729,28,9927,45.6,17.9,22.0,81.2,17.4,33.1,1.8,10.3,28.2,0.709,0.836,1,True
@synthetic_creator_0497,instagram,179381,2188,66,27413,60.8,26.1,20.2,59.6,11.4,43.5,14.6,31.0,0.8,0.69,0.82,1,True
@synthetic_creator_0498,snapchat,24612,634,33,7129,84.8,47.3,21.8,32.0,48.1,0.0,31.9,20.9,30.5,0.734,0.67,1,True
@synthetic_creator_0499,instagram,44619,358,7,13571,53.6,16.6,9.0,55.7,49.0,36.9,16.2,11.1,5.9,0.679,0.935,1,True
@synthetic_creator_0500,instagram,1378676,67164,1568,476462,68.3,36.1,25.2,78.7,44.4,41.0,0.0,8.5,17.4,0.49,0.23,0,True
@synthetic_creator_0501,tiktok,785614,18553,935,127238,56.2,35.0,15.6,53.6,47.0,15.1,36.5,25.2,25.4,0.943,0.612,0,True
@synthetic_creator_0502,tiktok,113167,1853,43,35043,58.1,31.6,14.0,87.5,25.4,64.4,0.0,16.2,2.0,0.808,0.409,1,True
@synthetic_creator_0503,instagram,44222,4251,43,3859,98.1,41.0,22.0,52.2,25.9,27.9,7.9,13.4,2.2,0.514,0.91,1,True
@synthetic_creator_0504,youtube,7650,317,9,752,85.0,50.1,21.6,72.6,17.0,0.0,0.0,16.1,38.0,0.721,0.644,1,True
@synthetic_creator_0505,snapchat,139777,4114,43,27405,57.0,20.4,25.6,80.5,33.4,30.7,2.6,18.4,13.1,0.823,0.954,1,True
@synthetic_creator_0506,instagram,4898786,200477,11124,339628,60.4,39.7,13.9,71.8,19.4,14.2,12.8,14.4,10.8,0.788,0.352,0,True
@synthetic_creator_0507,tiktok,452191,15081,634,172598,37.5,12.7,19.4,44.4,21.3,42.5,0.0,27.0,3.4,0.616,0.455,0,True
@synthetic_creator_0508,instagram,137106,4821,188,50134,50.7,32.7,10.5,50.9,42.0,33.2,9.1,27.6,2.6,0.974,0.837,0,True
@synthetic_creator_0509,instagram,468877,8683,174,31474,62.7,31.3,12.3,82.6,53.7,16.0,21.5,20.3,7.8,0.738,0.588,1,True
@synthetic_creator_0510,instagram,41227,3399,152,14157,76.3,36.0,20.1,52.9,38.0,47.5,1.6,28.7,27.3,0.784,0.656,1,True
@synthetic_creator_0511,instagram,187814,6547,287,42841,73.7,36.9,25.4,79.6,65.9,39.1,0.0,15.1,20.3,0.804,0.868,1,True
@synthetic_creator_0512,tiktok,302359,6108,79,89403,27.3,10.4,6.1,58.5,15.9,12.6,8.6,21.9,2.8,0.54,0.754,0,True
@synthetic_creator_0513,instagram,241996,8595,464,87221,79.4,38.4,13.9,67.1,0.0,22.7,6.6,25.0,14.9,0.439,0.384,0,True
@synthetic_creator_0514,instagram,693126,17626,686,174626,52.8,33.8,12.1,44.2,44.3,32.8,4.0,25.2,1.0,0.881,0.778,0,True
@synthetic_creator_0515,instagram,405783,5257,260,36810,30.3,18.8,5.4,55.9,14.6,19.5,0.0,24.2,28.0,0.828,0.65,0,True
@synthetic_creator_0516,instagram,598385,39259,908,30459,88.4,32.3,38.7,51.9,24.5,20.0,15.2,21.3,10.7,0.56,0.433,1,True
@synthetic_creator_0517,tiktok,117471,523,8,26304,91.6,52.1,11.3,68.4,0.0,25.6,16.0,34.6,2.2,0.797,0.654,1,True
@synthetic_creator_0518,instagram,788098,11094,500,301235,61.6,39.6,8.8,66.4,12.0,9.0,0.0,9.6,13.2,0.783,0.885,1,True
@synthetic_creator_0519,instagram,1894990,94242,4683,474538,72.7,45.7,9.8,71.9,0.0,0.0,0.7,13.4,7.4,0.81,0.83,0,True
@synthetic_creator_0520,instagram,83769,5781,169,15122,74.2,34.9,24.3,57.6,21.3,28.6,11.4,12.9,12.1,0.865,0.682,1,True
@synthetic_creator_0521,instagram,92481,1741,19,5624,89.9,28.7,40.1,51.0,22.1,0.0,0.4,11.3,32.6,0.663,0.827,0,True
@synthetic_creator_0522,tiktok,1332998,25930,1320,493532,73.2,49.2,11.4,67.7,31.8,10.1,11.8,0.0,26.4,0.612,0.518,1,True
@synthetic_creator_0523,instagram,213285,4378,88,35086,21.8,10.0,5.8,49.6,54.8,0.0,24.7,28.7,25.5,0.764,0.429,0,True
@synthetic_creator_0524,tiktok,1446396,45308,1221,429105,100.0,44.4,15.5,81.2,43.5,0.3,9.4,4.7,28.9,0.694,0.873,1,True
@synthetic_creator_0525,tiktok,157780,2284,94,46226,81.6,49.3,20.1,63.3,0.0,31.4,0.0,16.7,6.8,0.408,0.32,0,True
@synthetic_creator_0526,instagram,1538094,68241,1023,213578,42.3,17.1,20.0,60.1,42.2,21.7,13.9,0.8,59.9,0.307,0.722,1,True
@synthetic_creator_0527,instagram,314199,11174,151,22723,29.3,18.5,7.1,71.9,32.2,21.1,8.2,21.2,8.3,0.895,0.935,1,True
@synthetic_creator_0528,instagram,365811,10517,118,67583,67.6,22.3,15.1,63.9,28.0,5.3,8.5,7.1,74.4,0.827,0.519,1,True
@synthetic_creator_0529,instagram,1754442,77279,4314,282457,48.0,28.6,11.1,40.1,29.5,15.2,14.8,3.6,6.6,0.609,0.488,0,True
@synthetic_creator_0530,instagram,173837,7032,179,51297,63.2,43.4,7.5,49.1,34.1,30.6,16.9,16.9,3.5,0.86,0.759,0,True
@synthetic_creator_0531,snapchat,86738,2282,98,29224,73.6,51.4,4.8,80.9,16.2,24.2,10.4,8.0,10.9,0.741,0.797,0,True
@synthetic_creator_0532,instagram,156642,7744,460,20027,40.8,27.3,4.2,66.3,26.4,37.3,9.4,9.3,0.0,0.795,0.454,0,True
@synthetic_creator_0533,instagram,461760,74169,3224,108458,27.1,17.6,2.5,39.8,53.7,39.5,30.6,16.7,12.9,0.754,0.39,0,True
@synthetic_creator_0534,youtube,40990,1663,60,2632,64.6,26.6,12.1,70.3,15.9,21.2,22.0,23.0,28.7,0.7,0.801,1,True
@synthetic_creator_0535,snapchat,576635,23131,833,72073,41.7,28.6,8.8,56.6,9.4,0.0,18.3,6.8,0.7,0.75,0.81,1,True
@synthetic_creator_0536,instagram,140571,4047,116,44507,58.7,39.4,7.2,51.9,28.8,13.7,11.3,5.1,28.0,0.929,0.406,0,True
@synthetic_creator_0537,instagram,1063818,36140,1445,348601,21.4,11.0,6.8,47.8,7.4,23.5,0.0,15.2,12.7,0.452,0.889,0,True
@synthetic_creator_0538,instagram,15167,737,42,4879,48.7,22.4,20.2,80.0,0.0,13.4,21.3,20.4,6.9,0.468,0.461,1,True
@synthetic_creator_0539,youtube,104414,4019,198,10424,72.9,25.0,26.0,35.5,23.1,9.2,11.4,29.6,40.0,0.559,0.752,0,True
@synthetic_creator_0540,tiktok,35462,391,12,8612,70.1,37.6,16.0,52.4,59.0,26.0,4.2,4.3,0.4,0.828,0.486,1,True
@synthetic_creator_0541,instagram,99560,4138,110,19707,35.3,20.5,9.6,66.8,29.2,61.5,7.6,11.8,14.5,0.581,0.64,0,True
@synthetic_creator_0542,instagram,361204,10220,553,143405,25.8,11.9,3.6,88.7,33.6,17.7,0.3,26.8,9.5,0.949,0.571,1,True
@synthetic_creator_0543,instagram,216409,1553,26,60361,55.4,25.6,13.6,73.3,0.0,25.0,20.6,34.7,14.9,0.851,0.829,1,True
@synthetic_creator_0544,tiktok,197985,1683,88,74703,69.0,36.5,16.2,52.3,38.8,5.3,16.8,5.1,31.1,0.855,0.478,1,True
@synthetic_creator_0545,instagram,221677,1997,45,22361,65.1,20.3,31.3,87.9,31.9,43.7,11.8,7.6,19.6,0.731,0.544,0,True
@synthetic_creator_0546,instagram,342513,3561,163,71176,42.2,28.8,9.2,44.7,16.7,38.1,9.6,18.8,3.4,0.768,0.718,0,True
@synthetic_creator_0547,instagram,79997,2119,106,25604,62.4,26.0,25.9,69.0,33.6,37.1,3.2,9.2,3.6,0.847,0.607,0,True
@synthetic_creator_0548,tiktok,626697,43182,1461,112022,92.6,33.0,36.9,72.3,33.4,45.4,0.0,7.4,16.5,0.902,0.781,1,True
@synthetic_creator_0549,instagram,594335,14979,293,161289,60.1,18.2,21.7,51.8,8.8,18.6,0.0,17.4,14.8,0.841,0.68,1,True
@synthetic_creator_0550,youtube,425936,10116,528,97580,14.2,9.1,3.5,75.5,36.6,20.5,2.6,30.5,3.4,0.777,0.41,0,True
@synthetic_creator_0551,instagram,523263,6755,191,207827,60.1,38.8,15.4,57.3,53.9,50.6,1.1,1.9,38.6,0.963,0.667,0,True
@synthetic_creator_0552,instagram,382966,27191,707,42453,100.0,33.8,32.3,75.4,25.4,34.5,12.9,30.0,33.6,0.361,0.798,1,True
@synthetic_creator_0553,instagram,3085079,131115,4654,1164222,22.8,8.2,11.5,37.4,12.6,0.0,18.1,9.3,0.2,0.924,0.932,0,True
@synthetic_creator_0554,instagram,241708,4970,157,46057,55.7,26.7,21.0,70.0,26.4,31.8,8.7,18.5,3.4,0.734,0.681,0,True
@synthetic_creator_0555,instagram,185628,2253,99,39686,49.3,18.5,15.6,58.8,47.1,16.3,24.1,30.9,6.4,0.486,0.569,1,True
@synthetic_creator_0556,instagram,108636,9328,157,25530,57.4,34.1,5.6,82.2,5.5,38.5,2.2,18.3,9.3,0.687,0.744,1,True
@synthetic_creator_0557,instagram,77752,2895,92,11109,59.9,19.3,13.6,64.3,41.6,31.1,8.6,12.0,6.1,0.841,0.517,0,True
@synthetic_creator_0558,instagram,60272,808,44,23342,83.5,43.4,26.7,83.7,16.4,0.0,9.5,22.2,3.9,0.613,0.949,1,True
@synthetic_creator_0559,youtube,92359,3804,44,34082,57.1,25.9,8.3,72.6,34.8,29.0,20.9,13.3,2.6,0.765,0.708,1,True
@synthetic_creator_0560,instagram,246516,2093,68,96268,86.9,42.2,21.5,63.1,18.7,28.2,11.1,20.2,14.9,0.536,0.455,1,True
@synthetic_creator_0561,youtube,400774,12669,545,159877,52.1,24.5,15.5,76.8,18.7,30.5,11.3,13.0,21.0,0.556,0.673,1,True
@synthetic_creator_0562,youtube,285321,9044,491,81153,46.2,16.7,21.5,76.9,60.5,33.6,0.0,23.6,13.2,0.802,0.668,0,True
@synthetic_creator_0563,tiktok,107082,2705,107,22282,38.3,14.9,16.6,72.1,1.8,47.4,1.0,1.1,3.0,0.661,0.398,0,True
@synthetic_creator_0564,instagram,790342,67563,3460,274846,9.6,3.1,4.2,30.6,39.7,31.2,21.0,4.9,17.7,0.514,0.838,0,True
@synthetic_creator_0565,tiktok,651671,22306,471,38013,61.9,21.4,18.0,50.3,64.6,25.3,0.0,0.9,0.3,0.628,0.71,1,True
@synthetic_creator_0566,youtube,221554,4729,130,75780,100.0,69.1,8.8,85.8,43.7,42.2,23.4,14.4,63.4,0.918,0.728,1,True
@synthetic_creator_0567,instagram,122577,1628,92,27463,66.5,27.4,23.5,46.2,3.4,58.6,15.0,0.0,27.6,0.794,0.971,1,True
@synthetic_creator_0568,instagram,518198,9683,525,148011,72.2,30.5,12.9,78.2,4.4,38.7,2.5,8.1,4.1,0.773,0.806,1,True
@synthetic_creator_0569,instagram,336235,24270,919,60830,44.7,15.7,15.6,75.6,15.0,28.1,1.7,3.9,1.0,0.843,0.836,0,True
@synthetic_creator_0570,instagram,47204,4100,138,8450,48.9,29.4,15.3,54.1,33.2,31.5,29.0,29.8,6.1,0.872,0.571,1,True
@synthetic_creator_0571,instagram,247316,9268,301,15111,79.6,53.3,13.9,35.1,34.5,28.8,24.1,5.1,14.7,0.568,0.69,1,True
@synthetic_creator_0572,instagram,367486,15538,201,72882,100.0,61.6,22.6,56.5,4.6,25.3,8.8,2.1,17.9,0.884,0.612,0,True
@synthetic_creator_0573,tiktok,91159,2559,139,17586,92.2,50.3,25.4,96.2,12.5,57.5,11.3,17.5,4.3,0.746,0.879,1,True
@synthetic_creator_0574,instagram,336991,22219,1131,43362,75.1,47.0,19.7,52.1,13.8,13.8,3.5,31.9,13.4,0.919,0.814,1,True
@synthetic_creator_0575,instagram,46826,2870,94,6394,55.9,25.8,13.9,53.1,26.4,42.3,11.3,13.8,1.3,0.92,0.204,0,True
@synthetic_creator_0576,snapchat,1333640,60776,1456,339343,60.2,38.8,10.7,50.0,69.7,23.1,3.3,14.6,22.3,0.704,0.837,1,True
@synthetic_creator_0577,instagram,1199649,64523,1751,193407,36.2,22.4,4.2,83.2,11.3,2.8,9.2,27.9,11.6,0.348,0.679,0,True
@synthetic_creator_0578,instagram,198189,13141,212,67500,18.8,5.7,7.5,61.4,10.5,22.2,28.1,23.8,11.0,0.733,0.591,0,True
@synthetic_creator_0579,instagram,415046,25069,1155,36932,26.8,13.3,5.1,55.6,7.3,16.8,9.0,19.3,8.3,0.727,0.448,0,True
@synthetic_creator_0580,instagram,14884,431,16,3753,56.2,22.8,16.9,86.2,42.7,33.7,0.0,9.2,25.9,0.81,0.425,0,True
@synthetic_creator_0581,instagram,66995,2528,54,7102,47.7,16.0,20.9,73.7,29.2,26.4,0.0,19.6,33.9,0.507,0.896,0,True
@synthetic_creator_0582,instagram,188615,3857,158,44302,18.3,11.7,1.4,51.2,12.1,9.7,11.3,1.4,2.3,0.886,0.651,0,True
@synthetic_creator_0583,youtube,74119,357,21,18039,54.1,16.4,20.3,46.6,22.7,47.1,2.4,8.8,6.2,0.927,0.64,0,True
@synthetic_creator_0584,youtube,632398,39643,639,173785,47.0,27.9,5.8,82.4,14.2,41.4,12.5,29.3,0.2,0.688,0.642,1,True
@synthetic_creator_0585,instagram,2948348,125653,4137,588486,25.7,17.9,2.9,65.3,35.9,48.8,0.0,28.0,5.5,0.936,0.913,0,True
@synthetic_creator_0586,tiktok,65385,3085,107,14928,45.7,22.5,5.1,41.8,83.7,28.6,16.9,19.4,4.3,0.904,0.916,1,True
@synthetic_creator_0587,tiktok,98227,88,1,11132,47.0,21.1,7.8,38.3,41.0,24.5,0.0,0.0,1.2,0.959,0.67,0,True
@synthetic_creator_0588,youtube,355947,5395,197,75480,39.6,21.5,14.3,48.3,28.1,35.6,10.5,2.9,1.2,0.728,0.418,0,True
@synthetic_creator_0589,instagram,1854896,54295,2188,334921,78.2,48.6,23.6,46.4,16.7,16.3,6.6,8.2,19.3,0.935,0.321,1,True
@synthetic_creator_0590,tiktok,61892,2063,36,17524,7.4,2.9,2.8,34.3,3.1,27.0,27.2,13.3,7.2,0.814,0.723,0,True
@synthetic_creator_0591,instagram,361798,13188,233,73151,5.4,2.1,1.8,48.5,44.7,22.4,11.7,2.5,17.9,0.797,0.581,0,True
@synthetic_creator_0592,instagram,2387025,72193,3813,770459,55.1,29.9,16.8,51.2,43.6,3.1,29.5,12.5,7.7,0.765,0.595,1,True
@synthetic_creator_0593,youtube,36970,598,15,7360,57.4,38.8,13.7,58.1,20.7,26.9,15.6,32.7,8.6,0.802,0.441,1,True
@synthetic_creator_0594,instagram,57682,6194,257,7644,65.1,27.3,19.3,90.4,54.3,18.4,24.3,19.0,12.8,0.968,0.601,1,True
@synthetic_creator_0595,instagram,161405,5400,223,23531,41.5,18.7,5.0,61.0,30.4,21.4,7.9,17.2,1.2,0.609,0.464,0,True
@synthetic_creator_0596,instagram,143672,1770,91,9460,32.1,22.4,6.1,62.5,45.5,30.5,13.5,4.8,18.1,0.488,0.505,0,True
@synthetic_creator_0597,youtube,711493,44306,2082,170026,54.8,20.3,27.3,72.6,35.9,44.1,22.2,0.0,1.4,0.983,0.414,1,True
@synthetic_creator_0598,instagram,358610,20436,1063,122217,44.0,14.5,10.4,61.4,26.5,12.3,19.0,2.7,1.8,0.781,0.596,1,True
@synthetic_creator_0599,instagram,31889,182,7,10178,93.8,50.3,20.8,71.0,10.9,20.0,15.3,0.0,1.7,0.764,0.319,1,True
@synthetic_creator_0600,tiktok,498068,9501,308,101220,46.9,14.5,13.5,69.2,27.1,13.5,6.7,15.8,13.6,0.339,0.437,0,True
@synthetic_creator_0601,instagram,134182,1485,44,15919,53.7,20.0,14.6,66.8,46.8,12.5,8.4,18.8,4.0,0.711,0.324,0,True
@synthetic_creator_0602,instagram,1238407,42639,1234,436191,100.0,54.9,28.5,100.0,19.8,16.1,21.4,5.3,11.7,0.887,0.954,1,True
@synthetic_creator_0603,tiktok,126360,3627,112,8829,50.1,28.3,9.3,78.7,38.8,22.1,23.5,16.5,10.1,0.515,0.787,0,True
@synthetic_creator_0604,snapchat,124999,4089,67,23715,68.9,34.7,26.1,48.8,8.3,33.8,4.1,29.7,8.0,0.956,0.228,1,True
@synthetic_creator_0605,tiktok,513681,19161,597,179693,71.2,32.3,26.2,70.6,45.6,29.8,2.6,34.6,2.5,0.617,0.857,0,True
@synthetic_creator_0606,instagram,670320,23009,678,125759,73.3,38.9,7.5,53.1,36.3,9.1,1.0,22.7,0.5,0.7,0.933,1,True
@synthetic_creator_0607,instagram,459419,9603,112,41924,62.2,34.7,19.0,71.7,6.0,44.4,18.3,13.3,8.0,0.326,0.611,0,True
@synthetic_creator_0608,tiktok,35499,3398,80,5079,59.8,37.2,15.0,44.4,25.5,39.2,0.7,22.4,19.2,0.677,0.61,1,True
@synthetic_creator_0609,instagram,511775,41886,1993,133066,57.5,35.5,11.2,48.4,48.6,11.5,18.2,28.5,5.3,0.582,0.828,1,True
@synthetic_creator_0610,tiktok,77561,1877,73,8005,40.6,23.0,8.8,70.2,4.8,43.4,15.5,0.0,6.1,0.369,0.531,0,True
@synthetic_creator_0611,instagram,355873,27529,1384,99369,63.1,41.5,15.2,80.0,8.6,29.9,4.5,29.8,8.0,0.74,0.929,1,True
@synthetic_creator_0612,youtube,48606,2231,82,9884,100.0,63.5,16.6,72.5,28.6,22.7,25.6,9.6,8.6,0.689,0.943,1,True
@synthetic_creator_0613,instagram,458440,20709,1091,76576,85.3,30.1,16.3,77.8,72.7,30.4,0.0,9.7,3.8,0.669,0.779,1,True
@synthetic_creator_0614,snapchat,101934,4521,225,13692,62.6,42.7,7.7,70.6,16.5,24.6,26.6,11.5,8.5,0.835,0.859,1,True
@synthetic_creator_0615,instagram,57574,4824,71,19469,76.4,50.2,9.4,67.6,39.9,33.2,13.2,18.2,29.6,0.826,0.462,1,True
@synthetic_creator_0616,tiktok,631961,58986,3471,119336,33.3,14.3,11.6,57.4,35.2,27.8,0.0,3.9,2.6,0.877,0.772,0,True
@synthetic_creator_0617,instagram,358603,964,10,110617,48.5,14.9,10.3,77.2,18.2,19.9,25.9,12.2,11.7,0.794,0.786,0,True
@synthetic_creator_0618,instagram,128441,2606,103,26217,78.7,42.6,21.2,80.4,33.2,0.0,19.7,20.3,28.9,0.897,0.58,0,True
@synthetic_creator_0619,instagram,1530973,94306,4679,125774,92.2,43.8,23.2,64.1,21.0,32.9,5.7,17.2,50.7,0.513,0.55,1,True
@synthetic_creator_0620,instagram,158137,6195,164,32287,35.7,21.4,10.1,63.2,22.8,19.4,0.4,18.8,15.9,0.864,0.375,0,True
@synthetic_creator_0621,instagram,278877,6515,260,63497,42.9,21.9,10.3,88.9,0.0,36.7,0.0,11.8,7.9,0.601,0.851,0,True
@synthetic_creator_0622,instagram,370532,25338,712,77902,100.0,33.1,50.7,64.7,29.5,32.2,34.2,21.9,0.9,0.88,0.562,1,True
@synthetic_creator_0623,snapchat,127567,3505,45,42822,57.4,22.8,25.6,66.1,48.0,19.8,0.8,25.6,0.1,0.631,0.856,1,True
@synthetic_creator_0624,youtube,472297,20505,213,174182,100.0,65.3,10.8,72.3,31.1,40.3,0.0,25.0,3.9,0.977,0.482,1,True
@synthetic_creator_0625,tiktok,141472,6724,99,46031,60.2,19.0,25.2,63.5,51.8,28.1,12.7,19.3,6.9,0.72,0.697,0,True
@synthetic_creator_0626,instagram,163739,2500,37,41585,61.2,36.4,8.1,52.7,41.6,27.5,0.0,24.4,40.1,0.905,0.75,1,True
@synthetic_creator_0627,instagram,1376660,53382,2164,329720,47.4,19.7,19.2,70.7,28.8,22.9,0.2,23.7,10.1,0.718,0.229,1,True
@synthetic_creator_0628,instagram,76979,1678,60,21216,78.6,37.8,23.7,64.4,17.4,50.3,19.9,41.8,12.0,0.59,0.858,0,True
@synthetic_creator_0629,instagram,14833,244,7,2235,88.9,45.6,16.3,92.6,20.3,14.3,14.6,27.2,13.8,0.681,0.489,0,True
@synthetic_creator_0630,tiktok,1854497,12955,577,619673,29.1,11.7,6.1,76.8,0.6,20.2,6.1,14.1,3.3,0.577,0.8,0,True
@synthetic_creator_0631,youtube,5718365,325628,3530,2000837,46.2,25.9,9.3,56.1,24.7,6.4,10.2,5.9,1.3,0.5,0.485,0,True
@synthetic_creator_0632,instagram,164996,8483,199,23681,77.9,45.0,22.4,75.9,32.9,35.9,5.6,12.4,4.5,0.695,0.714,1,True
@synthetic_creator_0633,instagram,26259,1094,53,9610,51.8,17.3,23.4,69.6,64.3,16.3,9.4,11.7,35.3,0.932,0.961,0,True
@synthetic_creator_0634,instagram,184872,4334,240,64161,42.7,19.2,5.2,84.6,40.6,17.9,2.4,20.1,1.7,0.485,0.824,0,True
@synthetic_creator_0635,instagram,190333,3019,96,37794,80.2,48.0,12.3,57.1,12.7,17.2,4.2,8.0,4.7,0.887,0.824,1,True
@synthetic_creator_0636,instagram,213649,12622,177,78654,82.6,48.6,15.4,67.8,1.2,25.9,3.9,26.9,5.7,0.155,0.318,0,True
@synthetic_creator_0637,instagram,70539,1540,76,6500,43.8,22.7,11.6,63.5,25.9,6.2,2.7,1.1,15.8,0.658,0.676,0,True
@synthetic_creator_0638,instagram,537924,33759,1831,32165,60.3,36.9,6.8,65.9,46.2,0.0,20.4,0.0,12.4,0.319,0.699,0,True
@synthetic_creator_0639,instagram,503535,31787,975,86483,24.8,8.5,6.5,51.7,25.6,31.9,17.7,13.6,15.8,0.901,0.618,0,True
@synthetic_creator_0640,tiktok,44654,1524,33,11069,32.6,11.3,15.6,73.6,40.8,0.0,0.7,6.6,15.1,0.98,0.485,0,True
@synthetic_creator_0641,snapchat,620968,21866,266,107430,58.1,32.7,12.3,71.3,26.4,37.8,0.0,2.4,15.0,0.625,0.437,1,True
@synthetic_creator_0642,instagram,3150973,164683,6513,1196499,55.8,32.2,15.2,84.3,44.3,48.4,8.4,8.6,2.0,0.808,0.743,1,True
@synthetic_creator_0643,instagram,329836,39189,2174,45896,30.8,19.3,5.7,64.8,0.0,22.5,31.6,7.4,57.7,0.682,0.533,0,True
@synthetic_creator_0644,instagram,179012,21751,954,26569,37.1,13.8,11.2,58.8,62.1,44.5,0.0,15.1,20.3,0.814,0.228,1,True
@synthetic_creator_0645,tiktok,226295,3879,100,61595,28.4,14.4,8.0,76.8,7.8,24.6,8.4,8.8,5.2,0.947,0.793,0,True
@synthetic_creator_0646,instagram,561466,17497,737,28832,66.4,37.5,10.3,53.1,45.9,49.0,10.9,9.6,22.4,0.83,0.867,0,True
@synthetic_creator_0647,tiktok,33630,535,27,10245,5.8,2.3,1.2,81.3,24.6,18.2,8.9,15.0,34.8,0.88,0.811,0,True
@synthetic_creator_0648,instagram,326853,24817,838,59524,29.7,15.1,11.6,81.2,27.7,0.0,5.4,25.1,39.4,0.741,0.955,0,True
@synthetic_creator_0649,snapchat,167953,12844,654,65873,8.4,4.7,2.7,83.9,25.2,23.8,21.6,29.7,30.4,0.621,0.759,0,True
@synthetic_creator_0650,instagram,2464230,49234,1457,719545,65.5,25.3,25.8,70.6,35.1,50.6,14.5,16.5,9.6,0.616,0.23,0,True
@synthetic_creator_0651,instagram,217726,7778,213,14865,9.9,4.5,1.5,57.7,39.2,33.0,18.5,17.3,4.8,0.839,0.707,0,True
@synthetic_creator_0652,instagram,1985666,42900,1679,163658,55.8,21.6,7.5,66.6,51.2,17.3,15.9,13.2,5.0,0.887,0.617,1,True
@synthetic_creator_0653,instagram,71361,1074,35,5770,96.0,63.5,9.9,70.7,58.2,29.9,18.9,19.8,42.7,0.631,0.764,1,True
@synthetic_creator_0654,instagram,542916,65425,3850,208163,96.8,38.2,44.7,56.6,36.6,39.6,25.8,18.9,29.0,0.896,0.707,1,True
@synthetic_creator_0655,youtube,393674,15003,537,113936,9.9,3.4,4.4,85.0,64.3,23.7,23.3,28.3,9.0,0.869,0.715,0,True
@synthetic_creator_0656,tiktok,94574,2726,79,18882,62.5,19.6,22.0,73.7,31.9,64.4,33.2,0.0,7.5,0.639,0.474,0,True
@synthetic_creator_0657,snapchat,331995,32533,967,39895,30.3,9.6,16.1,51.6,51.5,17.2,22.2,12.7,7.2,0.635,0.441,0,True
@synthetic_creator_0658,snapchat,1149712,113963,4261,409037,25.2,9.5,4.5,93.2,38.6,40.0,3.3,18.4,14.5,0.853,0.433,0,True
@synthetic_creator_0659,instagram,181943,1651,45,21932,52.2,28.3,12.8,66.5,19.0,36.4,18.5,14.7,41.1,0.945,0.818,0,True
@synthetic_creator_0660,youtube,35229,958,44,10474,85.7,26.3,18.4,48.6,33.6,14.5,17.1,5.6,4.8,0.839,0.508,1,True
@synthetic_creator_0661,tiktok,262741,15919,462,83331,70.0,29.0,15.7,52.5,40.1,18.6,29.2,2.0,19.5,0.397,0.713,0,True
@synthetic_creator_0662,instagram,90861,10957,320,13913,37.1,12.0,19.2,87.3,29.4,40.3,0.3,23.1,11.9,0.575,0.835,1,True
@synthetic_creator_0663,tiktok,177938,7262,296,40342,72.6,33.5,28.2,92.4,38.3,27.2,15.6,7.4,11.6,0.966,0.89,1,True
@synthetic_creator_0664,snapchat,243310,2256,29,31154,0.0,0.0,0.0,80.1,47.3,30.1,3.2,0.0,39.1,0.523,0.638,0,True
@synthetic_creator_0665,tiktok,34655,1039,44,6328,36.2,19.6,5.8,84.8,29.5,0.5,15.1,23.6,32.0,0.977,0.579,0,True
@synthetic_creator_0666,tiktok,38607,136,4,14971,34.4,19.8,8.1,83.2,0.0,34.8,7.9,19.6,18.1,0.737,0.703,0,True
@synthetic_creator_0667,instagram,478532,26985,881,140017,57.0,33.7,5.5,73.4,63.6,29.3,14.8,13.8,7.4,0.843,0.987,0,True
@synthetic_creator_0668,youtube,143306,8225,378,49629,49.9,19.5,16.2,69.9,24.0,24.0,0.0,5.9,11.5,0.961,0.562,0,True
@synthetic_creator_0669,instagram,12361,516,24,2956,51.5,33.3,10.0,73.1,13.5,30.4,17.9,13.9,0.3,0.843,0.81,1,True
@synthetic_creator_0670,tiktok,688184,52144,2727,91985,50.6,29.2,8.0,76.0,7.5,18.9,12.1,27.2,17.3,0.453,0.587,0,True
@synthetic_creator_0671,tiktok,372072,4461,128,111438,55.6,17.9,14.1,53.9,23.3,16.1,11.5,0.0,32.5,0.647,0.572,1,True
@synthetic_creator_0672,instagram,113931,4171,109,25657,68.5,32.6,12.1,76.0,18.7,21.4,29.5,0.0,8.7,0.799,0.734,1,True
@synthetic_creator_0673,instagram,55259,794,36,6183,58.7,35.7,17.6,86.9,15.3,18.0,6.2,8.7,25.3,0.947,0.767,0,True
@synthetic_creator_0674,tiktok,731585,15468,604,142183,47.9,20.3,11.9,61.9,16.4,57.7,13.4,14.7,1.7,0.489,0.949,1,True
@synthetic_creator_0675,instagram,408080,10794,448,111076,65.0,29.4,19.6,60.3,40.6,38.7,11.0,10.0,18.4,0.953,0.746,0,True
@synthetic_creator_0676,instagram,4681470,191074,7218,1438925,75.7,41.7,12.9,72.1,70.6,10.5,12.0,21.4,3.2,0.555,0.91,1,True
@synthetic_creator_0677,instagram,444287,19156,931,60035,41.1,13.2,17.3,55.3,46.4,55.5,32.2,25.9,0.7,0.762,0.64,1,True
@synthetic_creator_0678,tiktok,427300,23010,448,152374,53.5,36.8,4.4,45.2,52.5,18.5,10.6,17.8,6.4,0.724,0.498,0,True
@synthetic_creator_0679,instagram,219627,16694,630,40157,84.0,31.1,12.9,82.2,22.5,25.4,4.3,20.6,10.3,0.844,0.69,0,True
@synthetic_creator_0680,instagram,715066,24216,433,103611,27.4,8.5,12.2,58.2,32.1,38.5,28.7,17.7,9.8,0.847,0.737,1,True
@synthetic_creator_0681,youtube,568128,14089,427,67205,100.0,30.2,44.4,65.3,38.5,0.0,6.9,15.1,38.1,0.305,0.771,0,True
@synthetic_creator_0682,instagram,1205096,112404,4855,399441,21.5,9.9,4.2,55.8,16.8,21.4,0.0,2.1,8.8,0.708,0.611,0,True
@synthetic_creator_0683,youtube,143546,2494,86,24970,46.4,30.3,6.6,84.2,21.5,16.4,2.6,4.7,2.7,0.816,0.241,0,True
@synthetic_creator_0684,instagram,159135,3509,101,34880,31.2,19.6,9.0,77.8,47.1,28.1,0.0,1.5,4.8,0.883,0.564,0,True
@synthetic_creator_0685,instagram,151006,12198,661,19326,100.0,66.5,8.8,61.4,51.8,30.6,0.0,13.5,12.1,0.452,0.806,1,True
@synthetic_creator_0686,tiktok,693122,43868,2133,201096,42.4,21.8,6.4,47.3,31.3,23.8,6.4,17.3,14.2,0.622,0.893,0,True
@synthetic_creator_0687,instagram,1620182,48261,1752,523904,42.5,20.4,10.1,59.8,6.1,23.1,9.3,0.5,2.2,0.603,0.455,0,True
@synthetic_creator_0688,snapchat,154722,3823,219,26116,45.7,20.8,9.2,73.6,24.1,41.0,21.8,15.7,12.0,0.894,0.775,1,True
@synthetic_creator_0689,instagram,161179,3628,113,61373,57.4,18.3,23.1,67.8,1.2,29.5,16.3,6.2,6.9,0.772,0.765,1,True
@synthetic_creator_0690,youtube,391168,27467,1356,23749,46.8,31.1,9.7,66.6,31.5,25.6,15.8,4.3,3.3,0.95,0.573,1,True
@synthetic_creator_0691,instagram,199802,7598,139,19286,51.7,25.8,13.4,68.2,35.1,27.2,1.1,8.7,15.9,0.873,0.534,0,True
@synthetic_creator_0692,youtube,841098,10473,254,215384,0.0,0.0,0.0,76.4,24.6,52.5,18.8,3.8,7.3,0.338,0.585,0,True
@synthetic_creator_0693,instagram,17995,932,25,5317,56.4,28.6,12.8,64.4,34.8,27.6,23.9,21.1,15.9,0.47,0.445,0,True
@synthetic_creator_0694,tiktok,99504,2137,32,13705,55.4,34.2,13.9,71.8,38.3,17.3,13.9,13.3,41.3,0.47,0.334,0,True
@synthetic_creator_0695,instagram,104935,2469,86,25596,81.0,31.6,11.1,50.2,35.1,0.0,14.2,23.2,5.1,0.843,0.575,1,True
@synthetic_creator_0696,youtube,16573,1066,20,2675,87.7,51.2,14.2,100.0,6.0,3.5,0.0,10.6,0.3,0.793,0.761,1,True
@synthetic_creator_0697,instagram,84426,2696,112,20594,50.3,29.4,12.8,60.7,24.9,18.0,20.5,10.9,35.3,0.712,0.721,0,True
@synthetic_creator_0698,instagram,89483,4637,90,25123,75.4,48.2,10.8,68.1,38.2,23.4,27.8,33.7,14.9,0.839,0.641,1,True
@synthetic_creator_0699,tiktok,210801,6846,110,82314,27.5,8.3,4.7,73.5,61.6,16.7,13.2,0.0,4.6,0.803,0.759,1,True
@synthetic_creator_0700,instagram,1020250,26021,1521,213736,74.2,27.3,19.1,58.8,24.6,30.3,4.1,27.8,2.5,0.854,0.813,1,True
@synthetic_creator_0701,tiktok,199970,5036,216,55366,40.7,19.9,13.0,65.1,41.0,16.5,8.4,31.5,15.7,0.842,0.611,0,True
@synthetic_creator_0702,tiktok,77887,6650,377,19651,25.4,16.3,2.5,64.9,47.6,11.3,5.8,22.7,3.1,0.6,0.761,1,True
@synthetic_creator_0703,instagram,250610,8832,304,40384,50.4,34.5,10.0,51.3,26.1,34.2,6.4,11.7,7.8,0.816,0.645,0,True
@synthetic_creator_0704,tiktok,945064,45805,534,130959,90.0,48.4,27.7,71.6,53.0,45.5,16.5,29.3,8.0,0.881,0.679,1,True
@synthetic_creator_0705,instagram,83187,1127,43,32921,59.5,22.9,21.3,40.3,54.0,8.4,12.8,11.8,46.8,0.909,0.679,0,True
@synthetic_creator_0706,tiktok,89977,5720,216,11013,92.4,34.5,20.1,91.3,57.6,28.7,20.0,7.9,7.0,0.515,0.838,1,True
@synthetic_creator_0707,instagram,524530,17358,186,171309,36.3,20.2,11.0,76.9,39.2,0.0,13.7,11.1,13.3,0.876,0.901,1,True
@synthetic_creator_0708,instagram,205696,7344,389,20838,81.2,31.2,16.4,74.6,77.2,2.9,1.4,9.3,16.6,0.579,0.883,1,True
@synthetic_creator_0709,youtube,583606,15853,649,193478,38.7,20.2,13.8,39.0,17.7,16.2,5.0,5.5,24.0,0.573,0.825,0,True
@synthetic_creator_0710,snapchat,263978,17385,821,30358,60.6,38.4,13.9,53.1,72.5,42.0,4.4,26.1,6.6,0.74,0.581,1,True
@synthetic_creator_0711,snapchat,622809,27164,942,241964,60.4,27.5,7.7,85.8,45.4,13.3,8.1,7.3,2.0,0.498,0.869,0,True
@synthetic_creator_0712,tiktok,77490,1987,81,22479,71.5,32.3,26.7,100.0,56.8,12.8,27.9,14.7,5.3,0.782,0.639,1,True
@synthetic_creator_0713,instagram,264474,3522,80,21565,61.3,19.3,21.2,82.9,23.6,25.5,29.5,0.6,41.9,0.57,0.951,0,True
@synthetic_creator_0714,instagram,208391,9247,542,60977,36.5,14.7,10.3,80.6,46.9,25.6,18.4,15.3,2.4,0.632,0.705,0,True
@synthetic_creator_0715,instagram,62375,2239,67,16296,77.0,44.6,14.7,72.9,58.5,13.2,11.2,3.4,23.1,0.832,0.817,1,True
@synthetic_creator_0716,tiktok,41102,364,6,6910,98.3,43.7,30.8,52.3,8.3,54.8,0.0,3.2,0.4,0.685,0.423,1,True
@synthetic_creator_0717,instagram,611028,27552,352,86312,40.4,14.7,16.3,79.9,26.7,21.0,12.2,13.9,61.1,0.605,0.838,0,True
@synthetic_creator_0718,snapchat,176108,11839,494,53108,9.1,3.1,4.4,48.5,0.0,26.7,2.1,25.6,11.9,0.445,0.67,0,True
@synthetic_creator_0719,instagram,78689,2790,165,24352,67.5,22.8,16.3,46.8,26.4,19.0,26.3,19.4,17.7,0.519,0.863,0,True
@synthetic_creator_0720,instagram,239087,4557,249,39335,46.7,26.3,11.8,45.9,13.7,31.6,0.0,20.1,4.9,0.701,0.553,0,True
@synthetic_creator_0721,youtube,1038847,15880,716,370535,51.7,28.2,14.4,79.6,25.6,43.5,13.8,13.7,48.3,0.472,0.652,1,True
@synthetic_creator_0722,instagram,17380,606,36,2504,68.9,35.0,20.5,64.1,88.5,50.0,1.3,11.6,1.1,0.898,0.809,1,True
@synthetic_creator_0723,instagram,44535,796,36,3315,43.6,21.8,10.8,66.5,64.4,13.6,9.9,22.9,1.2,0.953,0.666,1,True
@synthetic_creator_0724,instagram,88657,1454,39,23046,48.3,17.4,13.4,64.8,1.2,41.5,16.7,9.4,48.3,0.628,0.479,1,True
@synthetic_creator_0725,snapchat,1549456,227157,9100,135538,52.5,26.3,17.2,48.1,41.1,33.2,20.2,23.3,0.7,0.804,0.628,1,True
@synthetic_creator_0726,instagram,376662,12809,179,55306,91.7,29.7,23.6,54.9,46.0,39.6,9.4,27.4,0.3,0.592,0.761,1,True
@synthetic_creator_0727,instagram,673862,35582,750,153313,55.8,37.4,6.0,55.7,23.2,23.6,17.6,6.6,5.3,0.741,0.819,1,True
@synthetic_creator_0728,instagram,68309,2763,85,10261,24.1,7.8,8.6,43.9,33.6,22.2,3.4,8.1,10.0,0.788,0.826,1,True
@synthetic_creator_0729,tiktok,70021,552,11,8770,25.1,11.8,4.8,57.4,35.5,39.0,12.5,9.5,10.6,0.632,0.509,1,True
@synthetic_creator_0730,instagram,459262,23988,1383,135994,58.5,17.6,9.0,48.8,3.1,39.3,20.0,0.3,42.6,0.577,0.882,0,True
@synthetic_creator_0731,tiktok,287773,12227,730,69482,26.8,16.4,2.4,73.7,9.4,48.5,13.3,10.3,0.7,0.81,0.659,0,True
@synthetic_creator_0732,instagram,518391,50305,1436,178283,15.9,5.8,6.2,74.9,33.4,28.0,4.7,28.0,38.4,0.981,0.419,0,True
@synthetic_creator_0733,snapchat,214227,5515,250,54292,70.9,47.5,18.3,45.6,32.0,23.4,7.2,4.5,12.2,0.709,0.832,1,True
@synthetic_creator_0734,tiktok,374659,25269,767,82127,72.1,22.9,23.3,60.6,15.8,0.0,20.2,28.3,4.3,0.522,0.559,0,True
@synthetic_creator_0735,tiktok,324403,4727,80,45883,45.8,28.8,4.9,92.8,14.1,0.8,0.0,10.7,49.8,0.945,0.87,0,True
@synthetic_creator_0736,instagram,682365,28335,760,223285,62.3,35.1,18.8,50.3,28.2,19.1,0.6,36.1,33.9,0.831,0.783,0,True
@synthetic_creator_0737,instagram,706734,11821,256,84034,59.7,23.9,12.8,71.4,47.7,8.5,16.0,8.2,5.4,0.673,0.89,1,True
@synthetic_creator_0738,instagram,38413,1859,49,5177,70.1,26.7,34.6,66.6,28.5,37.2,5.6,13.6,2.5,0.533,0.783,1,True
@synthetic_creator_0739,instagram,18092,274,5,6233,70.1,31.1,21.0,81.4,62.5,5.3,0.0,5.9,9.8,0.676,0.878,0,True
@synthetic_creator_0740,instagram,892779,5497,85,276241,0.0,0.0,0.0,69.4,16.1,17.5,23.5,8.1,10.6,0.822,0.478,0,True
@synthetic_creator_0741,instagram,1116009,20749,433,295190,49.0,31.6,8.7,58.5,33.9,18.1,0.0,28.4,17.2,0.83,0.776,0,True
@synthetic_creator_0742,instagram,78846,3298,182,5016,67.9,25.1,17.2,66.0,22.9,43.1,8.0,19.7,1.3,0.731,0.885,0,True
@synthetic_creator_0743,instagram,28801,836,11,2722,44.7,19.7,16.7,66.2,41.8,15.9,3.8,25.3,1.4,0.705,0.473,0,True
@synthetic_creator_0744,instagram,302199,3328,87,67990,55.9,22.1,8.9,63.6,14.4,31.8,7.0,1.8,22.1,0.84,0.849,0,True
@synthetic_creator_0745,instagram,819955,36405,1325,255185,73.8,25.7,34.3,45.2,68.5,27.9,1.2,21.5,55.7,0.418,0.487,1,True
@synthetic_creator_0746,tiktok,2320082,93174,2583,492867,57.0,31.9,16.6,83.6,0.0,38.5,17.1,5.3,7.9,0.901,0.5,0,True
@synthetic_creator_0747,instagram,498598,10329,370,27947,92.7,40.6,37.3,81.0,64.3,37.8,11.1,1.6,37.4,0.628,0.862,1,True
@synthetic_creator_0748,tiktok,171774,6106,74,19667,83.2,32.5,37.4,49.3,31.8,24.5,19.8,17.4,0.7,0.51,0.83,0,True
@synthetic_creator_0749,instagram,91880,2226,94,23527,52.0,33.6,6.2,60.5,41.0,0.0,3.9,17.3,14.1,0.692,0.759,1,True
@synthetic_creator_0750,snapchat,272050,9154,349,79704,50.0,30.0,10.3,61.6,56.7,21.5,31.3,15.5,4.9,0.689,0.178,0,True
@synthetic_creator_0751,instagram,187377,5954,262,11561,0.0,0.0,0.0,47.7,47.2,24.7,0.0,22.2,30.4,0.847,0.888,1,True
@synthetic_creator_0752,instagram,79373,1785,68,5172,46.8,14.8,13.7,37.0,15.4,29.3,0.0,23.7,23.0,0.739,0.959,1,True
@synthetic_creator_0753,tiktok,3136150,27542,878,443635,21.2,14.1,1.7,54.9,42.0,13.9,27.5,29.7,6.0,0.7,0.527,0,True
@synthetic_creator_0754,instagram,2285743,38488,1058,181089,60.5,32.1,10.7,59.7,67.3,42.1,14.7,3.1,6.0,0.873,0.51,0,True
@synthetic_creator_0755,instagram,1048906,8894,189,251403,58.8,29.5,10.1,43.4,12.3,25.2,13.4,30.0,17.7,0.897,0.784,0,True
@synthetic_creator_0756,instagram,88874,1164,40,8291,72.4,22.0,36.4,67.7,72.4,11.2,14.3,33.8,3.0,0.642,0.84,1,True
@synthetic_creator_0757,snapchat,748647,14054,158,207282,89.9,59.3,14.7,82.4,37.7,18.1,15.7,11.3,7.1,0.514,0.613,1,True
@synthetic_creator_0758,youtube,578128,18267,482,186173,54.3,28.1,16.0,77.6,21.3,53.9,13.0,0.0,41.1,0.853,0.827,0,True
@synthetic_creator_0759,instagram,456367,14512,636,177837,100.0,63.0,28.8,63.1,12.1,35.0,0.3,1.2,48.2,0.52,0.796,1,True
@synthetic_creator_0760,youtube,1202121,61094,943,459141,60.8,34.2,10.1,37.4,25.5,40.7,18.2,10.4,17.6,0.419,0.742,0,True
@synthetic_creator_0761,instagram,575184,22890,300,83791,22.2,13.8,5.6,75.7,0.0,9.4,16.6,35.1,17.0,0.726,0.903,0,True
@synthetic_creator_0762,instagram,652141,27389,1167,39319,40.9,23.6,3.7,67.2,21.7,14.7,24.3,15.2,7.7,0.93,0.836,1,True
@synthetic_creator_0763,instagram,576244,11854,354,95249,45.7,30.5,4.0,71.4,24.7,14.8,27.6,8.8,17.1,0.745,0.462,0,True
@synthetic_creator_0764,instagram,403910,7804,390,120352,69.8,27.2,12.6,94.0,8.5,27.8,13.3,8.1,0.3,0.619,0.813,0,True
@synthetic_creator_0765,youtube,31560,881,50,2238,31.3,11.9,7.5,52.6,45.0,22.4,0.0,1.8,4.2,0.956,0.674,1,True
@synthetic_creator_0766,youtube,296660,3838,222,52182,47.6,27.8,8.7,21.9,25.6,17.7,27.7,23.7,62.7,0.872,0.46,0,True
@synthetic_creator_0767,youtube,137663,2540,79,21243,51.0,25.5,12.4,49.2,17.3,19.5,0.0,14.1,0.4,0.72,0.652,0,True
@synthetic_creator_0768,tiktok,57768,1494,34,7323,43.8,23.6,7.0,72.3,23.5,13.1,13.4,36.0,8.3,0.625,0.322,0,True
@synthetic_creator_0769,instagram,2019135,39578,1600,599977,75.3,43.9,7.5,65.4,37.1,22.3,7.4,21.3,14.0,0.499,0.73,1,True
@synthetic_creator_0770,tiktok,2136745,232479,9626,599750,71.0,36.9,20.7,46.8,31.5,41.7,5.7,23.3,8.0,0.728,0.765,1,True
@synthetic_creator_0771,instagram,1371018,72038,2962,325511,84.2,51.8,6.9,43.7,16.0,2.3,17.6,12.6,0.8,0.552,0.524,0,True
@synthetic_creator_0772,youtube,364490,15457,403,134413,46.7,20.0,18.3,59.7,32.5,30.2,12.4,4.1,12.4,0.688,0.627,0,True
@synthetic_creator_0773,instagram,1356950,24171,318,116831,85.1,54.7,23.0,46.3,29.0,45.7,15.1,6.3,62.6,0.783,0.544,1,True
@synthetic_creator_0774,youtube,272246,449,9,27875,20.9,7.2,8.6,72.8,7.2,22.3,1.8,1.3,11.7,0.778,0.665,0,True
@synthetic_creator_0775,tiktok,342270,14510,257,63048,20.3,11.2,5.1,58.8,24.2,17.1,8.3,24.1,18.0,0.788,0.608,0,True
@synthetic_creator_0776,instagram,72246,1125,18,20196,24.7,16.2,5.0,55.6,41.6,38.9,2.3,11.2,5.1,0.597,0.478,0,True
@synthetic_creator_0777,instagram,432090,7218,406,109935,55.2,22.2,19.6,53.6,41.4,10.2,8.0,24.5,13.9,0.479,0.746,0,True
@synthetic_creator_0778,instagram,288503,3997,42,21901,85.1,36.6,36.8,68.9,25.4,24.7,8.8,16.4,69.4,0.654,0.392,0,True
@synthetic_creator_0779,instagram,56208,3687,147,21665,39.9,16.9,18.0,65.6,43.5,9.4,28.4,12.1,59.9,0.483,0.675,0,True
@synthetic_creator_0780,youtube,252347,12570,721,39561,43.1,22.6,9.3,68.0,10.4,0.0,7.4,3.3,11.0,0.395,0.594,0,True
@synthetic_creator_0781,instagram,243853,2929,82,42830,49.6,23.1,15.1,67.7,11.0,22.7,0.0,18.0,14.5,0.607,0.979,0,True
@synthetic_creator_0782,instagram,2319989,25704,934,622384,69.3,23.8,31.0,63.9,25.0,6.0,24.0,12.8,12.2,0.41,0.695,1,True
@synthetic_creator_0783,instagram,784699,19518,874,298819,43.1,28.3,3.0,49.5,60.0,24.8,14.5,24.0,9.8,0.298,0.112,0,True
@synthetic_creator_0784,instagram,272048,1121,28,76701,41.7,15.9,13.3,54.0,33.3,41.7,8.7,7.8,2.4,0.909,0.763,0,True
@synthetic_creator_0785,instagram,361690,1645,55,138950,21.4,11.0,6.1,59.1,24.5,52.8,5.6,21.2,2.5,0.54,0.563,0,True
@synthetic_creator_0786,youtube,282958,5604,284,32726,40.7,21.9,11.9,96.0,60.9,26.4,0.5,31.4,40.6,0.741,0.739,1,True
@synthetic_creator_0787,tiktok,210344,15790,746,56074,84.4,26.7,24.3,44.8,24.3,40.3,29.4,17.7,18.0,0.807,0.498,0,True
@synthetic_creator_0788,youtube,73210,880,44,24899,57.3,19.4,14.3,58.7,74.7,31.0,10.5,22.9,0.3,0.879,0.485,0,True
@synthetic_creator_0789,instagram,223851,9561,567,51073,36.5,25.1,3.5,66.5,19.8,19.3,0.0,20.7,12.0,0.526,0.741,0,True
@synthetic_creator_0790,instagram,109609,3984,113,19374,85.9,48.6,19.9,60.5,9.8,0.0,13.3,34.0,5.8,0.822,0.893,1,True
@synthetic_creator_0791,instagram,59851,1321,62,23621,40.4,12.7,20.8,81.1,26.7,49.4,22.1,18.7,16.8,0.933,0.483,1,True
@synthetic_creator_0792,instagram,495571,19213,771,49232,90.5,55.9,25.5,60.4,25.0,9.3,11.6,22.0,23.0,0.895,0.928,1,True
@synthetic_creator_0793,instagram,429131,10989,476,83176,90.1,45.4,18.6,61.5,13.8,45.7,1.0,14.6,19.2,0.562,0.947,1,True
@synthetic_creator_0794,instagram,31443,1282,60,11183,56.4,18.6,13.4,77.2,82.0,33.1,0.1,7.3,5.8,0.913,0.619,1,True
@synthetic_creator_0795,tiktok,231602,20953,994,84573,17.5,10.0,5.0,92.2,36.4,10.4,0.8,2.9,20.2,0.891,0.618,0,True
@synthetic_creator_0796,instagram,886327,13971,758,348445,100.0,50.0,31.8,86.1,39.3,29.7,25.2,27.7,55.9,0.812,0.773,1,True
@synthetic_creator_0797,tiktok,956531,6548,179,344061,64.7,24.7,20.1,63.0,20.8,57.0,9.3,4.9,51.2,0.585,0.345,0,True
@synthetic_creator_0798,tiktok,918965,2950,125,62337,46.9,30.5,7.1,64.3,18.4,48.0,0.0,22.5,2.8,0.679,0.745,1,True
@synthetic_creator_0799,tiktok,281164,7603,182,105554,78.9,32.9,12.6,65.7,50.5,17.3,13.8,19.2,25.8,0.859,0.692,0,True
@synthetic_creator_0800,instagram,97338,2121,84,19453,72.6,30.0,28.5,67.2,0.0,14.3,11.4,24.2,11.5,0.874,0.956,1,True
@synthetic_creator_0801,tiktok,73098,2099,99,20326,87.8,35.9,29.6,52.3,7.1,26.5,5.5,9.9,0.0,0.804,0.847,0,True
@synthetic_creator_0802,instagram,405763,18454,914,76282,38.4,23.3,6.4,79.0,25.1,22.5,0.0,7.1,14.3,0.474,0.689,0,True
@synthetic_creator_0803,instagram,423003,27249,844,141614,63.0,36.7,19.8,68.1,57.0,43.0,0.0,18.8,16.7,0.849,0.428,1,True
@synthetic_creator_0804,instagram,1257702,20062,710,316402,25.4,16.8,5.1,64.3,22.5,36.1,20.9,12.1,12.3,0.523,0.677,0,True
@synthetic_creator_0805,instagram,1004475,16396,437,347488,71.7,28.1,33.0,45.9,38.3,0.0,12.5,2.7,32.7,0.292,0.53,1,True
@synthetic_creator_0806,instagram,228965,2363,43,26976,54.4,33.4,10.2,65.9,30.6,31.9,14.8,34.4,0.8,0.583,0.674,1,True
@synthetic_creator_0807,tiktok,60291,2589,59,6918,62.0,32.8,13.8,36.6,55.9,22.3,12.4,7.1,7.8,0.496,0.412,0,True
@synthetic_creator_0808,tiktok,182969,8021,446,37349,51.3,21.7,22.6,56.3,0.0,25.6,13.3,5.1,5.8,0.742,0.794,0,True
@synthetic_creator_0809,instagram,348250,4992,127,17991,48.7,15.3,25.9,56.6,44.7,28.7,5.3,12.6,2.0,0.742,0.75,0,True
@synthetic_creator_0810,instagram,210554,7136,419,61586,33.3,20.9,9.6,69.3,26.0,43.0,7.9,27.5,1.5,0.824,0.905,0,True
@synthetic_creator_0811,instagram,134124,3961,87,20603,74.8,29.6,31.2,93.2,48.5,39.7,21.6,0.0,1.3,0.378,0.919,1,True
@synthetic_creator_0812,snapchat,363473,6997,322,89070,92.2,51.0,19.7,73.6,13.6,13.8,24.1,26.7,38.9,0.569,0.585,1,True
@synthetic_creator_0813,instagram,146568,10781,417,10919,41.1,21.3,6.4,86.7,30.5,24.1,0.0,5.9,14.9,0.552,0.429,0,True
@synthetic_creator_0814,instagram,126288,2787,124,13857,68.8,20.8,20.7,74.7,27.9,18.3,7.9,17.6,3.6,0.674,0.645,0,True
@synthetic_creator_0815,instagram,389938,4984,210,104503,65.8,45.9,15.2,81.9,10.0,0.0,18.4,8.2,5.1,0.43,0.71,1,True
@synthetic_creator_0816,tiktok,165646,1612,73,26003,55.2,34.5,8.6,92.9,4.4,23.4,28.8,34.9,17.9,0.543,0.282,0,True
@synthetic_creator_0817,instagram,359663,12489,690,45012,16.8,8.3,5.6,54.0,18.4,52.7,27.8,16.2,73.1,0.907,0.46,0,True
@synthetic_creator_0818,instagram,372445,7101,271,48453,22.5,12.9,7.2,53.0,32.6,0.0,2.0,7.9,3.9,0.65,0.271,0,True
@synthetic_creator_0819,instagram,68369,4267,57,8558,35.5,17.4,14.1,75.0,14.9,24.6,22.8,12.0,18.7,0.743,0.572,0,True
@synthetic_creator_0820,tiktok,150619,3111,73,40365,1.5,0.9,0.5,64.9,23.4,24.2,10.6,15.9,2.6,0.79,0.751,0,True
@synthetic_creator_0821,instagram,1506549,41814,1898,163749,90.2,31.9,31.1,68.3,0.0,29.3,20.4,16.8,0.1,0.838,0.809,1,True
@synthetic_creator_0822,snapchat,66536,2456,85,11773,64.2,30.7,16.6,61.3,22.6,10.6,17.9,19.4,10.8,0.935,0.832,1,True
@synthetic_creator_0823,youtube,21163,1731,64,6153,54.3,23.6,24.3,56.1,50.5,3.6,0.0,15.0,3.5,0.467,0.734,0,True
@synthetic_creator_0824,instagram,28732,573,22,6602,0.2,0.1,0.0,89.3,44.1,4.3,15.5,1.2,23.0,0.74,0.737,0,True
@synthetic_creator_0825,snapchat,277876,8475,246,71983,9.4,4.5,1.5,48.5,28.3,45.0,20.1,11.6,0.7,0.864,0.842,0,True
@synthetic_creator_0826,youtube,278479,10284,500,38379,54.9,19.6,27.5,75.3,34.9,10.3,9.8,21.1,14.3,0.638,0.287,0,True
@synthetic_creator_0827,instagram,233017,5606,258,87719,100.0,69.1,19.0,72.9,13.4,17.5,7.5,8.3,36.0,0.857,0.34,1,True
@synthetic_creator_0828,tiktok,1152020,19397,886,224480,37.5,11.5,13.6,41.3,62.5,56.6,0.0,21.7,2.1,0.925,0.807,1,True
@synthetic_creator_0829,instagram,10857,90,4,1633,76.6,23.3,14.9,52.5,71.4,14.0,16.8,15.3,5.7,0.862,0.532,1,True
@synthetic_creator_0830,instagram,431542,27315,1489,158166,43.0,19.3,12.0,55.1,33.3,30.1,12.1,12.8,16.2,0.865,0.354,0,True
@synthetic_creator_0831,instagram,1747550,131605,5233,488180,56.4,30.9,19.5,73.5,81.8,41.0,0.8,26.9,6.8,0.705,0.436,1,True
@synthetic_creator_0832,youtube,69332,3232,188,18364,85.4,31.7,30.1,59.5,16.4,40.2,6.7,0.0,35.0,0.628,0.836,0,True
@synthetic_creator_0833,youtube,170115,7434,118,61302,46.4,23.8,10.0,63.7,5.0,5.0,11.5,8.2,1.5,0.409,0.772,0,True
@synthetic_creator_0834,instagram,108719,2936,122,7663,37.7,22.2,8.2,43.1,15.8,14.3,4.4,27.3,9.1,0.652,0.862,0,True
@synthetic_creator_0835,tiktok,91746,1268,58,31486,90.5,30.5,43.8,99.9,25.6,29.5,10.0,33.3,0.8,0.616,0.811,1,True
@synthetic_creator_0836,tiktok,181404,5269,178,52108,56.1,38.9,12.9,66.1,76.2,53.9,0.0,37.9,18.5,0.736,0.546,1,True
@synthetic_creator_0837,youtube,1488057,17728,432,261894,82.3,35.8,20.5,72.5,24.4,13.6,23.5,15.5,6.8,0.741,0.533,0,True
@synthetic_creator_0838,instagram,2433555,43653,1637,340023,37.9,21.1,9.5,56.9,12.8,17.6,10.2,19.6,24.0,0.564,0.583,0,True
@synthetic_creator_0839,instagram,179310,6374,179,15542,90.2,31.0,21.7,55.2,12.0,31.3,0.0,23.2,10.8,0.953,0.769,1,True
@synthetic_creator_0840,instagram,2639426,110604,6133,1001334,61.8,36.1,12.1,93.7,52.8,34.3,0.0,27.8,10.7,0.403,0.123,1,True
@synthetic_creator_0841,instagram,280041,1900,52,27911,65.9,41.9,8.0,36.2,49.9,35.2,20.3,18.1,5.8,0.566,0.776,0,True
@synthetic_creator_0842,instagram,2201015,136164,2557,309910,58.3,19.9,19.9,69.2,20.3,12.3,15.6,24.3,4.5,0.474,0.868,1,True
@synthetic_creator_0843,instagram,239915,4109,159,70028,42.4,14.8,15.1,46.8,0.0,17.0,12.1,19.6,1.5,0.891,0.852,1,True
@synthetic_creator_0844,instagram,314038,11944,355,93757,55.0,22.7,13.0,58.9,7.4,28.2,18.6,20.2,6.9,0.788,0.61,1,True
@synthetic_creator_0845,youtube,416053,14737,218,44213,43.9,13.4,11.1,55.4,64.4,43.9,18.6,5.8,4.1,0.802,0.428,0,True
@synthetic_creator_0846,instagram,12171703,470329,17986,4076862,79.0,54.9,7.0,50.2,43.8,21.4,11.9,11.7,29.4,0.95,0.937,1,True
@synthetic_creator_0847,instagram,745300,9319,343,170375,49.9,26.9,6.5,65.5,31.3,24.7,7.5,9.8,33.0,0.706,0.899,1,True
@synthetic_creator_0848,tiktok,114838,1408,26,39844,17.6,9.6,5.0,26.5,67.4,9.6,5.8,3.1,26.4,0.867,0.631,0,True
@synthetic_creator_0849,instagram,858375,16713,666,69142,13.0,8.9,1.4,60.3,69.2,52.9,14.2,0.0,14.5,0.85,0.685,0,True
@synthetic_creator_0850,tiktok,173824,4131,158,11296,11.8,7.5,1.2,63.6,29.3,27.3,24.0,10.8,16.5,0.675,0.788,0,True
@synthetic_creator_0851,youtube,149089,10238,498,40693,70.4,44.1,21.1,44.6,29.6,41.2,9.0,12.4,13.4,0.86,0.699,1,True
@synthetic_creator_0852,instagram,798365,15840,444,81839,26.2,11.4,5.3,87.7,18.4,25.4,24.8,16.1,6.6,0.862,0.802,1,True
@synthetic_creator_0853,instagram,278536,10218,229,65102,62.5,27.1,26.1,56.1,24.3,26.3,13.7,20.6,2.9,0.798,0.453,0,True
@synthetic_creator_0854,instagram,374853,4378,252,20593,58.4,24.3,19.3,61.4,0.3,2.5,13.8,16.9,25.2,0.663,0.617,0,True
@synthetic_creator_0855,instagram,272878,12234,465,88132,53.4,23.4,18.8,56.1,0.2,0.0,34.1,12.4,18.6,0.538,0.594,1,True
@synthetic_creator_0856,tiktok,401876,10363,117,146618,66.0,29.5,19.5,63.8,0.0,43.8,26.5,5.8,5.2,0.822,0.415,0,True
@synthetic_creator_0857,instagram,446841,16285,831,153538,59.0,21.0,11.7,84.6,51.7,26.2,26.8,23.8,7.2,0.657,0.829,1,True
@synthetic_creator_0858,instagram,26255,1580,31,10119,0.0,0.0,0.0,100.0,0.0,28.1,2.0,14.0,30.5,0.966,0.617,0,True
@synthetic_creator_0859,instagram,597128,1737,85,218598,46.9,22.5,17.0,76.2,69.0,6.3,31.9,10.7,5.8,0.658,0.668,1,True
@synthetic_creator_0860,instagram,82584,1094,49,16963,65.6,27.8,15.5,81.3,15.4,11.5,9.2,13.1,9.4,0.787,0.452,0,True
@synthetic_creator_0861,instagram,47535,1605,93,9004,96.0,35.2,40.1,90.7,64.7,40.9,7.7,7.7,13.5,0.856,0.685,1,True
@synthetic_creator_0862,instagram,250172,7996,465,90978,97.2,43.7,28.1,68.7,22.7,51.1,0.0,9.7,9.1,0.731,0.773,1,True
@synthetic_creator_0863,instagram,296789,8591,203,111126,20.9,10.3,7.9,88.6,0.0,15.7,13.3,9.4,8.2,0.61,0.948,0,True
@synthetic_creator_0864,tiktok,116750,3708,179,45590,46.3,27.2,13.0,76.9,55.7,35.1,0.0,12.1,13.5,0.84,0.877,0,True
@synthetic_creator_0865,youtube,727404,38270,989,231977,15.8,9.3,1.5,67.2,58.0,27.9,14.1,21.6,21.1,0.755,0.534,0,True
@synthetic_creator_0866,tiktok,53604,915,37,6469,93.0,35.4,41.9,70.3,11.9,23.2,0.0,19.1,15.6,0.829,0.473,1,True
@synthetic_creator_0867,instagram,164664,7372,294,62693,80.3,25.3,43.0,37.7,23.4,52.8,28.0,30.5,40.3,0.631,0.691,1,True
@synthetic_creator_0868,instagram,133006,2562,32,50741,63.8,26.9,23.8,69.4,11.9,18.2,15.5,27.1,67.0,0.55,0.534,1,True
@synthetic_creator_0869,tiktok,253747,9128,93,71847,59.2,21.5,10.2,41.8,27.6,43.6,32.8,34.6,0.5,0.502,0.67,0,True
@synthetic_creator_0870,tiktok,374983,8275,106,131262,89.5,41.0,33.2,40.6,32.2,30.7,0.0,20.6,17.7,0.711,0.601,0,True
@synthetic_creator_0871,snapchat,80059,1936,31,19727,85.3,59.0,15.5,67.9,23.0,24.7,25.5,20.4,5.0,0.945,0.602,1,True
@synthetic_creator_0872,instagram,639946,11692,267,243463,84.0,31.3,21.2,48.3,0.0,45.6,0.0,10.1,11.1,0.768,0.626,1,True
@synthetic_creator_0873,instagram,289410,1081,59,23985,66.4,28.4,27.8,64.9,18.4,29.4,12.1,23.3,2.3,0.604,0.699,0,True
@synthetic_creator_0874,instagram,27713,1911,68,9765,46.3,27.3,10.2,67.1,44.1,23.6,3.7,8.4,7.9,0.533,0.689,0,True
@synthetic_creator_0875,snapchat,25583,2602,129,1776,74.2,37.4,26.2,67.7,25.8,45.7,5.5,0.3,5.8,0.575,0.556,1,True
@synthetic_creator_0876,tiktok,264399,12683,658,44600,75.4,23.9,31.0,51.4,23.5,43.7,4.8,30.3,15.2,0.705,0.811,1,True
@synthetic_creator_0877,youtube,205836,3228,150,20041,50.2,18.3,11.9,78.5,11.4,43.0,0.9,2.5,24.3,0.715,0.803,0,True
@synthetic_creator_0878,tiktok,237019,9838,290,51598,46.2,31.2,11.8,63.7,17.8,0.0,0.0,19.4,0.6,0.788,0.828,1,True
@synthetic_creator_0879,snapchat,259476,15702,835,34065,83.3,28.4,29.8,71.6,58.2,31.6,5.6,6.2,0.3,0.443,0.577,0,True
@synthetic_creator_0880,instagram,351748,16085,757,134798,96.6,53.5,22.0,47.1,7.2,28.2,11.2,26.3,27.1,0.693,0.758,1,True
@synthetic_creator_0881,snapchat,836665,25325,1194,205620,36.3,22.4,6.1,62.3,44.4,24.5,21.6,27.6,7.0,0.349,0.812,1,True
@synthetic_creator_0882,youtube,70733,2961,163,25761,48.4,19.7,8.1,81.5,30.9,34.1,13.0,20.3,13.4,0.568,0.577,0,True
@synthetic_creator_0883,youtube,65751,2734,109,9686,63.8,37.6,16.0,79.6,34.9,28.9,21.7,27.5,4.3,0.619,0.5,1,True
@synthetic_creator_0884,snapchat,72258,3127,113,4269,67.2,24.7,19.5,53.0,15.4,35.2,0.0,15.1,12.2,0.566,0.615,1,True
@synthetic_creator_0885,instagram,379534,4361,237,122012,41.9,17.4,18.7,56.8,23.0,21.0,5.7,37.3,5.8,0.852,0.88,1,True
@synthetic_creator_0886,tiktok,1195334,30003,981,353618,100.0,42.5,44.8,50.2,29.9,47.5,17.1,22.5,6.4,0.603,0.838,1,True
@synthetic_creator_0887,tiktok,159914,11642,588,38526,65.6,45.8,13.1,55.2,19.6,36.7,13.4,6.0,4.8,0.797,0.957,1,True
@synthetic_creator_0888,tiktok,13332,1374,17,4471,68.3,26.3,14.5,44.0,36.6,33.1,1.4,15.7,18.6,0.412,0.674,1,True
@synthetic_creator_0889,tiktok,34724,1965,19,11946,99.0,34.8,40.4,62.9,39.1,32.4,19.3,13.5,1.7,0.714,0.922,1,True
@synthetic_creator_0890,tiktok,98750,4304,156,25256,43.8,29.3,3.1,74.5,73.5,42.4,4.7,12.5,28.9,0.701,0.894,1,True
@synthetic_creator_0891,instagram,137410,40,0,53325,52.8,19.3,23.3,53.2,35.6,40.3,2.2,0.0,6.6,0.501,0.814,0,True
@synthetic_creator_0892,tiktok,164379,2700,158,49625,23.7,15.4,4.1,63.6,0.0,23.3,14.9,18.9,4.5,0.909,0.52,0,True
@synthetic_creator_0893,youtube,281052,7982,82,80635,50.7,28.4,17.0,61.7,53.3,39.9,10.1,1.1,19.0,0.672,0.649,1,True
@synthetic_creator_0894,tiktok,184592,3107,142,32580,17.8,9.4,3.6,80.8,25.9,27.6,4.8,0.0,60.2,0.687,0.409,0,True
@synthetic_creator_0895,instagram,945252,19300,427,48009,73.7,44.3,10.5,55.8,70.2,53.8,4.4,11.6,0.3,0.708,0.944,1,True
@synthetic_creator_0896,youtube,119226,2361,137,16015,65.5,38.7,21.4,56.4,59.4,41.5,0.0,7.4,28.3,0.74,0.695,0,True
@synthetic_creator_0897,tiktok,95341,492,14,30258,48.1,16.5,16.3,52.3,19.9,15.6,6.0,6.4,27.0,0.484,0.628,0,True
@synthetic_creator_0898,instagram,476703,47082,535,142274,52.5,36.7,11.3,47.9,44.4,60.0,21.0,0.0,14.1,0.513,0.834,1,True
@synthetic_creator_0899,tiktok,42498,1747,19,7048,74.0,50.1,17.9,72.9,18.1,0.0,12.4,6.5,31.2,0.807,0.779,1,True
@synthetic_creator_0900,tiktok,428321,16222,611,115198,26.6,17.5,4.6,63.0,30.1,34.6,19.6,13.3,15.5,0.654,0.591,0,True
@synthetic_creator_0901,tiktok,303477,11250,667,35916,60.1,33.0,12.8,65.8,43.5,14.6,15.2,8.7,43.7,0.989,0.543,0,True
@synthetic_creator_0902,instagram,224823,8164,481,31985,72.5,36.9,18.9,84.1,52.3,53.2,3.9,18.9,4.7,0.951,0.284,1,True
@synthetic_creator_0903,instagram,1804747,27171,729,688678,10.4,5.4,3.6,85.0,47.9,28.8,0.0,28.9,23.5,0.723,0.929,0,True
@synthetic_creator_0904,youtube,127179,2190,74,24750,72.1,22.1,39.0,40.3,31.5,13.1,0.7,20.2,16.5,0.765,0.934,1,True
@synthetic_creator_0905,snapchat,3179892,44837,673,431656,13.1,6.6,2.6,74.7,79.7,21.0,3.3,25.3,69.9,0.93,0.96,0,True
@synthetic_creator_0906,instagram,204737,6598,238,45142,52.1,28.6,15.1,68.4,22.7,14.3,2.5,26.1,2.4,0.817,0.458,1,True
@synthetic_creator_0907,youtube,57964,1921,76,10749,25.9,14.6,4.2,58.1,0.0,20.4,19.8,4.8,8.4,0.724,0.774,0,True
@synthetic_creator_0908,instagram,291823,4048,91,89103,90.8,39.3,29.2,69.9,1.7,20.1,19.7,19.4,16.2,0.588,0.74,1,True
@synthetic_creator_0909,instagram,73755,1146,46,28524,26.1,12.7,9.1,39.1,59.5,13.7,32.1,25.0,10.0,0.864,0.796,1,True
@synthetic_creator_0910,tiktok,108868,1331,73,27990,13.7,7.6,4.5,86.9,28.5,29.1,2.4,10.6,0.9,0.355,0.759,0,True
@synthetic_creator_0911,instagram,432111,8049,80,111009,58.3,27.5,14.5,72.7,33.2,30.9,26.0,7.1,6.0,0.715,0.801,0,True
@synthetic_creator_0912,instagram,522666,9119,195,92873,44.7,30.6,5.9,52.0,19.1,10.1,25.9,20.3,10.1,0.959,0.868,0,True
@synthetic_creator_0913,snapchat,127185,2555,52,31493,17.4,10.1,2.6,56.2,20.9,0.1,7.7,0.2,5.6,0.64,0.91,1,True
@synthetic_creator_0914,instagram,877547,16274,263,141956,68.1,20.5,13.3,39.5,14.3,29.7,14.7,4.1,12.1,0.937,0.931,1,True
@synthetic_creator_0915,instagram,1076267,50327,921,54224,5.2,1.6,1.5,60.3,39.4,33.0,22.4,8.3,16.3,0.913,0.548,0,True
@synthetic_creator_0916,instagram,1503884,46666,1927,531072,29.1,16.8,8.9,57.8,28.1,36.0,9.4,19.5,11.3,0.658,0.514,1,True
@synthetic_creator_0917,tiktok,506508,31141,471,101456,40.6,18.9,9.8,45.1,38.7,33.3,8.6,17.2,7.5,0.724,0.814,1,True
@synthetic_creator_0918,tiktok,1377959,21322,1000,306225,75.1,47.7,10.7,76.7,36.8,48.6,3.7,25.3,9.2,0.511,0.3,1,True
@synthetic_creator_0919,instagram,28086,1150,62,2225,87.4,32.3,35.5,84.2,21.5,40.0,0.0,5.8,29.0,0.743,0.349,1,True
@synthetic_creator_0920,instagram,183232,8627,485,62846,82.6,25.2,18.9,64.6,0.8,65.2,10.7,5.2,31.8,0.94,0.678,1,True
@synthetic_creator_0921,instagram,94806,8793,378,10392,51.2,23.3,9.9,60.4,0.0,71.5,2.9,20.2,3.4,0.826,0.393,1,True
@synthetic_creator_0922,tiktok,309610,5668,112,59976,0.0,0.0,0.0,71.5,90.5,0.0,0.0,7.0,18.4,0.709,0.782,0,True
@synthetic_creator_0923,snapchat,135166,3616,51,46509,64.8,44.6,5.0,64.7,59.6,0.0,14.2,9.0,0.5,0.729,0.634,1,True
@synthetic_creator_0924,instagram,219830,10535,227,46213,91.8,60.0,14.3,48.8,56.8,24.9,0.0,0.0,16.7,0.491,0.748,1,True
@synthetic_creator_0925,youtube,2567927,119161,6922,965292,85.8,42.4,23.7,55.2,16.5,32.6,18.1,17.9,5.0,0.814,0.702,1,True
@synthetic_creator_0926,snapchat,218892,14909,866,26980,66.6,41.6,8.4,60.6,30.2,23.9,14.8,30.4,8.2,0.784,0.813,1,True
@synthetic_creator_0927,instagram,440890,21211,617,132413,25.3,8.3,6.3,68.7,13.7,35.6,6.0,4.7,0.2,0.844,0.54,0,True
@synthetic_creator_0928,instagram,203064,2628,69,79661,41.9,22.1,6.6,65.1,3.8,20.9,9.4,25.2,5.0,0.573,0.35,0,True
@synthetic_creator_0929,tiktok,293859,19205,681,71221,100.0,67.0,13.4,68.2,18.2,14.6,0.0,14.4,8.4,0.494,0.785,1,True
@synthetic_creator_0930,youtube,270281,15102,371,78993,19.6,9.0,7.8,42.1,56.5,16.9,17.5,0.0,0.7,0.599,0.825,0,True
@synthetic_creator_0931,instagram,459543,372,21,86223,26.3,18.0,3.8,75.0,46.8,22.0,11.9,6.1,10.0,0.588,0.538,1,True
@synthetic_creator_0932,instagram,1086388,44882,945,340004,78.6,30.5,21.7,65.1,10.6,37.7,12.6,5.4,14.8,0.358,0.759,1,True
@synthetic_creator_0933,tiktok,1937429,92425,2630,713179,44.2,15.1,12.6,100.0,23.7,17.7,15.0,11.8,5.5,0.658,0.914,0,True
@synthetic_creator_0934,youtube,389081,42429,1335,115194,25.5,13.0,9.7,59.2,45.0,20.7,3.6,19.2,2.1,0.559,0.43,0,True
@synthetic_creator_0935,instagram,544409,6630,107,205555,93.2,61.8,8.5,69.9,18.6,33.6,0.0,33.5,1.9,0.934,0.776,1,True
@synthetic_creator_0936,instagram,67437,1466,42,17265,66.5,28.2,27.7,100.0,31.6,22.0,19.6,0.7,5.2,0.511,0.9,1,True
@synthetic_creator_0937,instagram,241481,5228,276,60852,45.5,28.2,6.8,67.9,38.0,41.8,16.9,10.2,15.5,0.731,0.654,0,True
@synthetic_creator_0938,snapchat,829308,9704,165,129885,26.4,9.7,12.9,64.0,37.8,11.2,4.6,6.0,16.9,0.867,0.809,0,True
@synthetic_creator_0939,tiktok,758548,31204,1223,226327,100.0,59.8,15.6,50.2,35.1,8.0,14.1,2.3,42.8,0.629,0.481,1,True
@synthetic_creator_0940,instagram,345909,16834,510,124071,54.4,28.4,6.5,87.9,16.9,29.6,22.6,16.0,22.0,0.499,0.96,1,True
@synthetic_creator_0941,youtube,777370,29110,539,214717,89.9,33.3,29.0,47.6,19.0,31.1,21.4,15.0,4.6,0.856,0.146,1,True
@synthetic_creator_0942,instagram,483554,37345,396,63618,77.3,45.4,10.7,71.4,7.3,12.0,4.4,0.0,27.8,0.818,0.687,0,True
@synthetic_creator_0943,youtube,1132986,7289,172,272413,42.0,24.6,11.3,57.9,0.0,45.2,0.0,15.2,3.8,0.55,0.64,0,True
@synthetic_creator_0944,instagram,379735,32624,427,119456,42.2,21.3,12.4,62.2,27.7,53.9,0.0,2.9,16.5,0.447,0.435,0,True
@synthetic_creator_0945,instagram,175108,10336,298,66326,91.2,35.6,34.0,43.6,46.3,15.6,6.9,15.1,10.3,0.52,0.74,0,True
@synthetic_creator_0946,instagram,401518,13003,656,42082,91.6,32.3,18.7,85.1,2.4,47.3,24.6,27.7,5.2,0.671,0.625,1,True
@synthetic_creator_0947,instagram,7968,401,18,753,8.1,5.5,1.6,60.8,35.5,0.0,2.7,19.6,35.6,0.811,0.593,0,True
@synthetic_creator_0948,youtube,424837,11456,657,82643,68.7,38.7,11.6,46.8,45.7,41.1,4.0,16.8,4.5,0.545,0.818,1,True
@synthetic_creator_0949,instagram,5000,156,4,469,52.0,32.4,15.6,83.8,0.0,12.1,3.8,9.7,5.5,0.97,0.55,0,True
@synthetic_creator_0950,instagram,33922,1757,79,13336,29.2,16.9,7.9,57.4,24.6,39.6,4.7,15.7,14.1,0.744,0.813,0,True
@synthetic_creator_0951,tiktok,461446,23411,1012,91600,61.5,38.9,12.6,70.0,62.9,10.6,9.9,20.6,35.1,0.591,0.786,0,True
@synthetic_creator_0952,instagram,475934,6725,140,112683,21.3,7.8,9.7,77.6,41.0,24.0,0.0,19.6,15.5,0.635,0.603,0,True
@synthetic_creator_0953,instagram,66508,1083,27,8611,43.3,21.6,12.0,72.1,0.0,12.8,20.8,14.0,0.1,0.715,0.42,0,True
@synthetic_creator_0954,instagram,114173,3119,113,23655,35.0,19.9,8.1,32.1,43.2,21.8,8.6,17.2,1.8,0.647,0.887,0,True
@synthetic_creator_0955,snapchat,1389770,143915,7171,548462,42.5,14.5,9.6,75.4,15.0,52.4,34.8,1.8,38.8,0.287,0.61,1,True
@synthetic_creator_0956,tiktok,150116,2765,91,33181,53.2,19.2,20.7,63.5,43.8,23.4,0.0,7.7,6.6,0.601,0.884,0,True
@synthetic_creator_0957,youtube,3959009,239880,5130,210177,29.6,16.4,5.6,60.1,16.2,56.7,25.9,22.1,0.7,0.554,0.836,0,True
@synthetic_creator_0958,tiktok,267719,22126,1320,36111,94.3,61.1,7.5,63.4,28.9,19.2,23.9,23.4,3.2,0.78,0.554,1,True
@synthetic_creator_0959,instagram,437855,5650,89,171840,67.3,38.0,20.2,40.8,19.2,47.4,5.9,15.9,3.7,0.614,0.668,1,True
@synthetic_creator_0960,instagram,1867757,6680,386,739956,99.9,31.4,15.8,67.9,30.1,0.6,6.0,29.8,9.5,0.543,0.862,1,True
@synthetic_creator_0961,tiktok,314026,12732,642,38836,51.0,35.1,9.6,44.5,18.7,20.7,0.8,20.1,5.9,0.588,0.78,1,True
@synthetic_creator_0962,instagram,80594,1823,94,21385,41.3,14.7,7.8,60.7,25.5,17.0,0.9,12.7,34.8,0.502,0.552,0,True
@synthetic_creator_0963,snapchat,235231,4430,220,18093,99.0,38.9,27.6,67.3,6.5,48.1,10.0,2.8,55.7,0.829,0.647,1,True
@synthetic_creator_0964,instagram,257112,23518,479,64819,40.5,28.0,9.0,81.1,39.8,27.8,10.2,29.4,10.2,0.566,0.855,0,True
@synthetic_creator_0965,instagram,52172,376,15,4907,50.5,30.8,5.1,52.7,33.5,0.0,0.0,22.7,4.7,0.553,0.766,1,True
@synthetic_creator_0966,tiktok,197402,1365,65,66431,73.0,49.2,14.3,86.8,0.0,5.3,32.9,33.0,0.5,0.868,0.72,0,True
@synthetic_creator_0967,instagram,110124,1921,90,41720,24.1,15.0,5.2,79.2,49.9,9.8,7.4,36.7,1.6,0.722,0.5,0,True
@synthetic_creator_0968,tiktok,813604,95351,2248,89940,72.8,40.8,23.0,58.6,26.5,39.0,10.7,2.1,11.6,0.752,0.853,1,True
@synthetic_creator_0969,tiktok,279717,2800,53,59285,69.6,28.8,12.4,48.4,33.2,37.1,3.7,2.2,15.5,0.802,0.917,1,True
@synthetic_creator_0970,tiktok,191117,11760,310,16381,86.7,37.4,33.6,43.3,45.3,20.5,7.3,0.0,0.3,0.317,0.965,1,True
@synthetic_creator_0971,youtube,236234,4461,151,39852,77.3,52.4,11.7,69.1,36.6,16.8,6.4,24.2,22.1,0.912,0.82,1,True
@synthetic_creator_0972,instagram,350721,12766,493,25526,87.5,56.4,14.2,53.9,53.3,35.7,10.0,21.6,9.0,0.902,0.633,1,True
@synthetic_creator_0973,instagram,562517,15520,804,80210,52.2,23.2,12.1,83.0,24.1,8.1,9.9,16.0,47.7,0.864,0.543,0,True
@synthetic_creator_0974,youtube,80849,1156,56,32062,33.4,15.0,7.9,54.8,50.7,31.9,18.0,2.7,12.3,0.72,0.255,0,True
@synthetic_creator_0975,instagram,76887,4352,190,5044,100.0,41.9,29.7,51.5,32.5,30.6,12.3,14.1,30.5,0.638,0.539,1,True
@synthetic_creator_0976,instagram,1010155,24081,558,354199,16.8,7.2,2.5,68.5,40.2,20.9,17.0,16.8,8.4,0.85,0.894,1,True
@synthetic_creator_0977,instagram,163602,7990,271,12615,19.3,12.5,3.1,54.7,38.1,31.0,9.9,22.8,18.9,0.777,0.578,0,True
@synthetic_creator_0978,tiktok,49010,799,21,11524,69.1,21.0,28.4,65.1,54.8,26.5,12.3,17.7,4.0,0.668,0.773,1,True
@synthetic_creator_0979,tiktok,457062,42741,929,95179,95.6,45.4,25.1,79.8,44.4,32.5,7.6,21.6,40.1,0.843,0.634,1,True
@synthetic_creator_0980,instagram,467915,16678,175,175956,59.7,40.5,5.8,66.8,21.1,5.0,20.0,13.8,0.1,0.668,0.833,1,True
@synthetic_creator_0981,instagram,42750,1983,53,5115,80.0,41.4,16.1,66.8,17.2,34.2,13.2,26.8,6.7,0.689,0.47,0,True
@synthetic_creator_0982,instagram,353407,17940,409,39895,5.1,2.5,1.2,68.1,29.0,40.4,8.4,21.3,2.0,0.94,0.772,0,True
@synthetic_creator_0983,instagram,648683,30535,1178,202421,42.5,18.1,14.7,39.6,14.8,29.8,8.1,3.1,20.7,0.796,0.851,0,True
@synthetic_creator_0984,instagram,420526,11005,144,127840,8.2,2.7,4.0,70.9,9.0,34.0,8.9,28.9,4.5,0.552,0.502,0,True
@synthetic_creator_0985,tiktok,572849,27730,652,168826,74.5,29.0,24.1,67.4,0.0,23.4,10.3,27.3,1.0,0.506,0.508,1,True
@synthetic_creator_0986,snapchat,49755,1595,19,2942,16.3,5.5,6.6,78.4,0.0,38.4,9.4,19.7,10.4,0.862,0.774,0,True
@synthetic_creator_0987,tiktok,399212,36981,1555,56283,23.1,8.1,3.7,74.1,69.7,26.0,4.4,17.8,11.3,0.539,0.899,1,True
@synthetic_creator_0988,youtube,186624,10831,416,64191,67.9,24.8,33.3,62.0,16.9,7.8,17.6,31.6,10.7,0.884,0.589,1,True
@synthetic_creator_0989,snapchat,150339,9466,254,39133,81.5,34.3,18.4,80.5,68.1,37.3,18.3,0.0,2.9,0.657,0.842,0,True
@synthetic_creator_0990,tiktok,762735,42939,745,198897,51.0,15.5,14.6,60.6,38.1,0.5,27.8,27.4,16.8,0.387,0.707,1,True
@synthetic_creator_0991,tiktok,1583470,56385,3264,243174,69.3,47.1,7.4,68.7,29.0,29.2,4.0,10.2,14.6,0.784,0.509,0,True
@synthetic_creator_0992,youtube,2311122,54076,2120,326008,68.4,23.9,11.2,60.3,0.0,19.2,16.7,26.0,30.8,0.748,0.98,0,True
@synthetic_creator_0993,tiktok,1299863,29125,1280,495630,49.6,22.5,18.3,71.9,30.1,18.3,0.0,16.2,26.5,0.696,0.682,1,True
@synthetic_creator_0994,instagram,235229,6180,225,71677,27.6,18.0,3.3,59.4,67.8,27.6,18.3,2.6,47.9,0.865,0.942,0,True
@synthetic_creator_0995,instagram,409734,24645,1240,38680,69.1,23.7,16.8,89.7,61.2,14.4,0.0,10.0,22.6,0.321,0.946,1,True
@synthetic_creator_0996,tiktok,673462,5324,291,254701,70.3,34.7,11.0,95.3,35.5,32.7,0.2,25.2,5.9,0.803,0.85,1,True
@synthetic_creator_0997,youtube,310336,13580,395,78772,77.4,49.3,22.0,78.1,7.0,25.9,13.3,12.9,8.6,0.809,0.875,1,True
@synthetic_creator_0998,tiktok,313927,2058,91,52324,62.8,32.8,20.0,88.1,10.9,15.7,3.8,8.8,1.3,0.752,0.474,0,True
@synthetic_creator_0999,instagram,721078,38045,817,136282,25.8,9.9,12.0,41.9,12.9,45.1,2.4,8.7,42.7,0.743,0.578,0,True
